transaction_id,date,account_id,transaction_type,category_id,merchant_id,amount,payment_method,description
T0000001,2022-01-01,CHK,Income,PAY,M_PAYROLL,4259.26,Direct Deposit,Paycheck
T0000002,2022-01-01,CHK,Transfer,RET401,M_401K,-255.56,Payroll,401k Contribution
T0000003,2022-01-01,INV401,Transfer,RET401,M_401K,255.56,Payroll,401k Contribution
T0000617,2022-01-01,CHK,Expense,GROC,M0002,-62.29,Debit,Groceries
T0000473,2022-01-03,CHK,Expense,PHON,M0012,-85.0,ACH,PHON
T0000618,2022-01-03,CC1,Expense,GAS,M0006,-89.19,Card,Gas
T0000377,2022-01-03,CHK,Expense,RENT,M0014,-1200.0,ACH,RENT
T0000569,2022-01-04,CC1,Expense,SUBS,M0011,-20.0,ACH,SUBS
T0000425,2022-01-05,CHK,Expense,UTIL,M0013,-156.55,ACH,UTIL
T0000521,2022-01-05,CHK,Expense,INS,M0015,-165.0,ACH,INS
T0000083,2022-01-06,CHK,Income,SIDE,M_SIDE,711.94,ACH,Side Income
T0000619,2022-01-08,CHK,Expense,GROC,M0001,-89.15,Debit,Groceries
T0000975,2022-01-08,CC2,Expense,DINE,M0009,-59.27,Card,Dining
T0000620,2022-01-10,CC1,Expense,GAS,M0006,-56.84,Card,Gas
T0000006,2022-01-15,INV401,Transfer,RET401,M_401K,255.56,Payroll,401k Contribution
T0000004,2022-01-15,CHK,Income,PAY,M_PAYROLL,4259.26,Direct Deposit,Paycheck
T0000621,2022-01-15,CHK,Expense,GROC,M0004,-90.94,Debit,Groceries
T0000005,2022-01-15,CHK,Transfer,RET401,M_401K,-255.56,Payroll,401k Contribution
T0000622,2022-01-22,CHK,Expense,GROC,M0004,-85.85,Debit,Groceries
T0000976,2022-01-23,CC2,Expense,ENT,M0022,-62.68,Card,Entertainment
T0000623,2022-01-24,CC1,Expense,GAS,M0005,-48.17,Card,Gas
T0001188,2022-01-26,CC1,Transfer,CC_PAY,M_CC_PAY,166.13,ACH,CC Payment
T0001187,2022-01-26,CHK,Transfer,CC_PAY,M_CC_PAY,-166.13,ACH,CC Payment CC1
T0001283,2022-01-26,CHK,Transfer,CC_PAY,M_CC_PAY,-150.73,ACH,CC Payment CC2
T0001284,2022-01-26,CC2,Transfer,CC_PAY,M_CC_PAY,150.73,ACH,CC Payment
T0000624,2022-01-29,CHK,Expense,GROC,M0002,-32.74,Debit,Groceries
T0000977,2022-01-29,CC2,Expense,DINE,M0009,-36.83,Card,Dining
T0000008,2022-01-29,CHK,Transfer,RET401,M_401K,-255.56,Payroll,401k Contribution
T0000009,2022-01-29,INV401,Transfer,RET401,M_401K,255.56,Payroll,401k Contribution
T0000007,2022-01-29,CHK,Income,PAY,M_PAYROLL,4259.26,Direct Deposit,Paycheck
T0000522,2022-02-02,CHK,Expense,INS,M0015,-165.0,ACH,INS
T0000426,2022-02-02,CHK,Expense,UTIL,M0013,-134.69,ACH,UTIL
T0000474,2022-02-02,CHK,Expense,PHON,M0012,-85.0,ACH,PHON
T0000570,2022-02-02,CC1,Expense,SUBS,M0011,-20.0,ACH,SUBS
T0000378,2022-02-04,CHK,Expense,RENT,M0014,-1200.0,ACH,RENT
T0000978,2022-02-05,CC2,Expense,DINE,M0009,-44.12,Card,Dining
T0000625,2022-02-05,CHK,Expense,GROC,M0004,-56.47,Debit,Groceries
T0000626,2022-02-07,CC1,Expense,GAS,M0005,-42.91,Card,Gas
T0000010,2022-02-12,CHK,Income,PAY,M_PAYROLL,4259.26,Direct Deposit,Paycheck
T0000627,2022-02-12,CHK,Expense,GROC,M0001,-66.46,Debit,Groceries
T0000012,2022-02-12,INV401,Transfer,RET401,M_401K,255.56,Payroll,401k Contribution
T0000011,2022-02-12,CHK,Transfer,RET401,M_401K,-255.56,Payroll,401k Contribution
T0000082,2022-02-15,CHK,Income,BONUS,M_PAYROLL,6303.41,Direct Deposit,Annual Bonus
T0000084,2022-02-17,CHK,Income,SIDE,M_SIDE,463.58,ACH,Side Income
T0000628,2022-02-19,CHK,Expense,GROC,M0001,-105.42,Debit,Groceries
T0000979,2022-02-19,CC2,Expense,DINE,M0009,-54.52,Card,Dining
T0000980,2022-02-20,CC2,Expense,ENT,M0022,-43.37,Card,Entertainment
T0000629,2022-02-21,CC1,Expense,GAS,M0005,-77.23,Card,Gas
T0000630,2022-02-26,CHK,Expense,GROC,M0002,-124.5,Debit,Groceries
T0000981,2022-02-26,CC2,Expense,DINE,M0009,-77.92,Card,Dining
T0001190,2022-02-26,CC1,Transfer,CC_PAY,M_CC_PAY,110.11,ACH,CC Payment
T0000014,2022-02-26,CHK,Transfer,RET401,M_401K,-255.56,Payroll,401k Contribution
T0000015,2022-02-26,INV401,Transfer,RET401,M_401K,255.56,Payroll,401k Contribution
T0001189,2022-02-26,CHK,Transfer,CC_PAY,M_CC_PAY,-110.11,ACH,CC Payment CC1
T0001285,2022-02-26,CHK,Transfer,CC_PAY,M_CC_PAY,-174.62,ACH,CC Payment CC2
T0001286,2022-02-26,CC2,Transfer,CC_PAY,M_CC_PAY,174.62,ACH,CC Payment
T0000013,2022-02-26,CHK,Income,PAY,M_PAYROLL,4259.26,Direct Deposit,Paycheck
T0000094,2022-03-01,SAV,Income,INT,M_BANKINT,38.3,ACH,Interest
T0000571,2022-03-02,CC1,Expense,SUBS,M0011,-20.0,ACH,SUBS
T0000475,2022-03-03,CHK,Expense,PHON,M0012,-85.0,ACH,PHON
T0000523,2022-03-04,CHK,Expense,INS,M0015,-165.0,ACH,INS
T0000427,2022-03-04,CHK,Expense,UTIL,M0013,-189.35,ACH,UTIL
T0000379,2022-03-05,CHK,Expense,RENT,M0014,-1200.0,ACH,RENT
T0000631,2022-03-05,CHK,Expense,GROC,M0004,-29.94,Debit,Groceries
T0000982,2022-03-05,CC2,Expense,DINE,M0010,-15.0,Card,Dining
T0000085,2022-03-11,CHK,Income,SIDE,M_SIDE,746.47,ACH,Side Income
T0000632,2022-03-12,CHK,Expense,GROC,M0002,-44.83,Debit,Groceries
T0000016,2022-03-12,CHK,Income,PAY,M_PAYROLL,4259.26,Direct Deposit,Paycheck
T0000017,2022-03-12,CHK,Transfer,RET401,M_401K,-255.56,Payroll,401k Contribution
T0000018,2022-03-12,INV401,Transfer,RET401,M_401K,255.56,Payroll,401k Contribution
T0000983,2022-03-13,CC2,Expense,ENT,UNKNOWN,-59.64,Card,Entertainment
T0000984,2022-03-19,CC2,Expense,DINE,M0010,-82.88,Card,Dining
T0000633,2022-03-19,CHK,Expense,GROC,M0004,-76.99,Debit,Groceries
T0001191,2022-03-26,CHK,Transfer,CC_PAY,M_CC_PAY,-77.76,ACH,CC Payment CC1
T0000019,2022-03-26,CHK,Income,PAY,M_PAYROLL,4259.26,Direct Deposit,Paycheck
T0000020,2022-03-26,CHK,Transfer,RET401,M_401K,-255.56,Payroll,401k Contribution
T0000021,2022-03-26,INV401,Transfer,RET401,M_401K,255.56,Payroll,401k Contribution
T0001287,2022-03-26,CHK,Transfer,CC_PAY,M_CC_PAY,-149.84,ACH,CC Payment CC2
T0001288,2022-03-26,CC2,Transfer,CC_PAY,M_CC_PAY,149.84,ACH,CC Payment
T0001192,2022-03-26,CC1,Transfer,CC_PAY,M_CC_PAY,77.76,ACH,CC Payment
T0000634,2022-03-26,CHK,Expense,GROC,M0004,-83.56,Debit,Groceries
T0000985,2022-03-27,CC2,Expense,ENT,M0022,-36.7,Card,Entertainment
T0000635,2022-03-28,CC1,Expense,GAS,M0006,-60.95,Card,Gas
T0000572,2022-04-02,CC1,Expense,SUBS,M0011,-20.0,ACH,SUBS
T0000636,2022-04-02,CHK,Expense,GROC,M0002,-72.26,Debit,Groceries
T0000380,2022-04-02,CHK,Expense,RENT,M0014,-1200.0,ACH,RENT
T0000986,2022-04-02,CC2,Expense,DINE,UNKNOWN,-26.73,Card,Dining
T0000987,2022-04-03,CC2,Expense,ENT,M0022,-67.19,Card,Entertainment
T0000637,2022-04-04,CC1,Expense,GAS,M0008,-53.54,Card,Gas
T0000524,2022-04-05,CHK,Expense,INS,M0015,-165.0,ACH,INS
T0000476,2022-04-05,CHK,Expense,PHON,M0012,-85.0,ACH,PHON
T0000428,2022-04-05,CHK,Expense,UTIL,M0013,-192.89,ACH,UTIL
T0000024,2022-04-09,INV401,Transfer,RET401,M_401K,255.56,Payroll,401k Contribution
T0000988,2022-04-09,CC2,Expense,DINE,M0009,-46.46,Card,Dining
T0000638,2022-04-09,CHK,Expense,GROC,M0001,-61.51,Debit,Groceries
T0000022,2022-04-09,CHK,Income,PAY,M_PAYROLL,4259.26,Direct Deposit,Paycheck
T0000023,2022-04-09,CHK,Transfer,RET401,M_401K,-255.56,Payroll,401k Contribution
T0000639,2022-04-11,CC1,Expense,GAS,M0006,-21.34,Card,Gas
T0000640,2022-04-16,CHK,Expense,GROC,M0004,-74.26,Debit,Groceries
T0001178,2022-04-18,CC1,Expense,ENT,M0021,-187.5,Card,Entertainment
T0000641,2022-04-18,CC1,Expense,GAS,M0008,-94.61,Card,Gas
T0000086,2022-04-22,CHK,Income,SIDE,M_SIDE,313.35,ACH,Side Income
T0000025,2022-04-23,CHK,Income,PAY,M_PAYROLL,4259.26,Direct Deposit,Paycheck
T0000026,2022-04-23,CHK,Transfer,RET401,M_401K,-255.56,Payroll,401k Contribution
T0000027,2022-04-23,INV401,Transfer,RET401,M_401K,255.56,Payroll,401k Contribution
T0000989,2022-04-23,CC2,Expense,DINE,M0009,-59.32,Card,Dining
T0000642,2022-04-23,CHK,Expense,GROC,M0003,-108.05,Debit,Groceries
T0000990,2022-04-24,CC2,Expense,ENT,M0022,-57.14,Card,Entertainment
T0000643,2022-04-25,CC1,Expense,GAS,M0005,-41.47,Card,Gas
T0001193,2022-04-26,CHK,Transfer,CC_PAY,M_CC_PAY,-1213.19,ACH,CC Payment CC1
T0001194,2022-04-26,CC1,Transfer,CC_PAY,M_CC_PAY,1213.19,ACH,CC Payment
T0001289,2022-04-26,CHK,Transfer,CC_PAY,M_CC_PAY,-235.29,ACH,CC Payment CC2
T0001290,2022-04-26,CC2,Transfer,CC_PAY,M_CC_PAY,235.29,ACH,CC Payment
T0000644,2022-04-30,CHK,Expense,GROC,M0001,-111.07,Debit,Groceries
T0000991,2022-04-30,CC2,Expense,DINE,M0010,-55.56,Card,Dining
T0000992,2022-05-01,CC2,Expense,ENT,M0021,-10.0,Card,Entertainment
T0000573,2022-05-02,CC1,Expense,SUBS,M0011,-20.0,ACH,SUBS
T0000429,2022-05-02,CHK,Expense,UTIL,M0013,-163.49,ACH,UTIL
T0000525,2022-05-02,CHK,Expense,INS,M0015,-165.0,ACH,INS
T0000477,2022-05-03,CHK,Expense,PHON,M0012,-85.0,ACH,PHON
T0000381,2022-05-04,CHK,Expense,RENT,M0014,-1200.0,ACH,RENT
T0000645,2022-05-07,CHK,Expense,GROC,M0002,-71.02000000000001,Debit,Groceries
T0000028,2022-05-07,CHK,Income,PAY,M_PAYROLL,4259.26,Direct Deposit,Paycheck
T0000029,2022-05-07,CHK,Transfer,RET401,M_401K,-255.56,Payroll,401k Contribution
T0000030,2022-05-07,INV401,Transfer,RET401,M_401K,255.56,Payroll,401k Contribution
T0000993,2022-05-07,CC2,Expense,DINE,M0009,-45.51,Card,Dining
T0000994,2022-05-08,CC2,Expense,ENT,M0021,-40.75,Card,Entertainment
T0000646,2022-05-09,CC1,Expense,GAS,M0007,-56.84,Card,Gas
T0000647,2022-05-14,CHK,Expense,GROC,M0003,-64.12,Debit,Groceries
T0000995,2022-05-15,CC2,Expense,ENT,M0021,-63.62,Card,Entertainment
T0000087,2022-05-18,CHK,Income,SIDE,M_SIDE,581.85,ACH,Side Income
T0000648,2022-05-21,CHK,Expense,GROC,M0002,-47.89,Debit,Groceries
T0000032,2022-05-21,CHK,Transfer,RET401,M_401K,-255.56,Payroll,401k Contribution
T0000031,2022-05-21,CHK,Income,PAY,M_PAYROLL,4259.26,Direct Deposit,Paycheck
T0000033,2022-05-21,INV401,Transfer,RET401,M_401K,255.56,Payroll,401k Contribution
T0000996,2022-05-22,CC2,Expense,ENT,M0021,-30.6,Card,Entertainment
T0000649,2022-05-23,CC1,Expense,GAS,M0006,-100.61,Card,Gas
T0001195,2022-05-26,CHK,Transfer,CC_PAY,M_CC_PAY,-198.33,ACH,CC Payment CC1
T0001292,2022-05-26,CC2,Transfer,CC_PAY,M_CC_PAY,196.29,ACH,CC Payment
T0001291,2022-05-26,CHK,Transfer,CC_PAY,M_CC_PAY,-196.29,ACH,CC Payment CC2
T0001196,2022-05-26,CC1,Transfer,CC_PAY,M_CC_PAY,198.33,ACH,CC Payment
T0000997,2022-05-28,CC2,Expense,DINE,M0010,-62.08,Card,Dining
T0000650,2022-05-28,CHK,Expense,GROC,M0002,-73.26,Debit,Groceries
T0000651,2022-05-30,CC1,Expense,GAS,M0006,-65.65,Card,Gas
T0000095,2022-06-01,SAV,Income,INT,M_BANKINT,23.26,ACH,Interest
T0000526,2022-06-02,CHK,Expense,INS,M0015,-165.0,ACH,INS
T0000430,2022-06-02,CHK,Expense,UTIL,M0013,-129.94,ACH,UTIL
T0000652,2022-06-04,CHK,Expense,GROC,M0004,-92.7,Debit,Groceries
T0000478,2022-06-04,CHK,Expense,PHON,M0012,-85.0,ACH,PHON
T0000036,2022-06-04,INV401,Transfer,RET401,M_401K,255.56,Payroll,401k Contribution
T0000035,2022-06-04,CHK,Transfer,RET401,M_401K,-255.56,Payroll,401k Contribution
T0000034,2022-06-04,CHK,Income,PAY,M_PAYROLL,4259.26,Direct Deposit,Paycheck
T0000998,2022-06-04,CC2,Expense,DINE,M0009,-71.59,Card,Dining
T0000999,2022-06-05,CC2,Expense,ENT,M0022,-15.3,Card,Entertainment
T0000574,2022-06-05,CC1,Expense,SUBS,M0011,-20.0,ACH,SUBS
T0000382,2022-06-05,CHK,Expense,RENT,M0014,-1200.0,ACH,RENT
T0000653,2022-06-11,CHK,Expense,GROC,M0002,-69.82,Debit,Groceries
T0001000,2022-06-12,CC2,Expense,ENT,M0021,-30.79,Card,Entertainment
T0000039,2022-06-18,INV401,Transfer,RET401,M_401K,255.56,Payroll,401k Contribution
T0000038,2022-06-18,CHK,Transfer,RET401,M_401K,-255.56,Payroll,401k Contribution
T0000654,2022-06-18,CHK,Expense,GROC,M0002,-81.75,Debit,Groceries
T0001001,2022-06-18,CC2,Expense,DINE,M0009,-62.07,Card,Dining
T0000037,2022-06-18,CHK,Income,PAY,M_PAYROLL,4259.26,Direct Deposit,Paycheck
T0000655,2022-06-20,CC1,Expense,GAS,M0007,-86.08,Card,Gas
T0000656,2022-06-25,CHK,Expense,GROC,M0001,-58.06,Debit,Groceries
T0001002,2022-06-25,CC2,Expense,DINE,M0009,-20.96,Card,Dining
T0001198,2022-06-26,CC1,Transfer,CC_PAY,M_CC_PAY,140.56,ACH,CC Payment
T0001294,2022-06-26,CC2,Transfer,CC_PAY,M_CC_PAY,197.43,ACH,CC Payment
T0001197,2022-06-26,CHK,Transfer,CC_PAY,M_CC_PAY,-140.56,ACH,CC Payment CC1
T0001293,2022-06-26,CHK,Transfer,CC_PAY,M_CC_PAY,-197.43,ACH,CC Payment CC2
T0000657,2022-06-27,CC1,Expense,GAS,M0008,-44.6,Card,Gas
T0001003,2022-07-02,CC2,Expense,DINE,UNKNOWN,-22.25,Card,Dining
T0000527,2022-07-02,CHK,Expense,INS,M0015,-165.0,ACH,INS
T0000042,2022-07-02,INV401,Transfer,RET401,M_401K,255.56,Payroll,401k Contribution
T0000040,2022-07-02,CHK,Income,PAY,M_PAYROLL,4259.26,Direct Deposit,Paycheck
T0000041,2022-07-02,CHK,Transfer,RET401,M_401K,-255.56,Payroll,401k Contribution
T0000658,2022-07-02,CHK,Expense,GROC,M0001,-112.26,Debit,Groceries
T0000575,2022-07-03,CC1,Expense,SUBS,M0011,-20.0,ACH,SUBS
T0000383,2022-07-03,CHK,Expense,RENT,M0014,-1200.0,ACH,RENT
T0000479,2022-07-03,CHK,Expense,PHON,M0012,-85.0,ACH,PHON
T0000659,2022-07-04,CC1,Expense,GAS,M0008,-56.84,Card,Gas
T0000431,2022-07-05,CHK,Expense,UTIL,M0013,-131.64,ACH,UTIL
T0000088,2022-07-09,CHK,Income,SIDE,M_SIDE,426.39,ACH,Side Income
T0000660,2022-07-09,CHK,Expense,GROC,M0001,-61.77,Debit,Groceries
T0000661,2022-07-11,CC1,Expense,GAS,M0005,-67.13,Card,Gas
T0000045,2022-07-16,INV401,Transfer,RET401,M_401K,255.56,Payroll,401k Contribution
T0000662,2022-07-16,CHK,Expense,GROC,M0003,-109.88,Debit,Groceries
T0000043,2022-07-16,CHK,Income,PAY,M_PAYROLL,4259.26,Direct Deposit,Paycheck
T0000044,2022-07-16,CHK,Transfer,RET401,M_401K,-255.56,Payroll,401k Contribution
T0000663,2022-07-18,CC1,Expense,GAS,M0006,-70.01,Card,Gas
T0000664,2022-07-23,CHK,Expense,GROC,M0002,-67.67,Debit,Groceries
T0000665,2022-07-25,CC1,Expense,GAS,M0008,-65.79,Card,Gas
T0001295,2022-07-26,CHK,Transfer,CC_PAY,M_CC_PAY,-79.51,ACH,CC Payment CC2
T0001296,2022-07-26,CC2,Transfer,CC_PAY,M_CC_PAY,79.51,ACH,CC Payment
T0001200,2022-07-26,CC1,Transfer,CC_PAY,M_CC_PAY,259.49,ACH,CC Payment
T0001199,2022-07-26,CHK,Transfer,CC_PAY,M_CC_PAY,-259.49,ACH,CC Payment CC1
T0000047,2022-07-30,CHK,Transfer,RET401,M_401K,-255.56,Payroll,401k Contribution
T0000048,2022-07-30,INV401,Transfer,RET401,M_401K,255.56,Payroll,401k Contribution
T0001004,2022-07-30,CC2,Expense,DINE,M0009,-90.18,Card,Dining
T0000666,2022-07-30,CHK,Expense,GROC,M0004,-52.0,Debit,Groceries
T0000046,2022-07-30,CHK,Income,PAY,M_PAYROLL,4259.26,Direct Deposit,Paycheck
T0000432,2022-08-02,CHK,Expense,UTIL,M0013,-128.55,ACH,UTIL
T0000576,2022-08-03,CC1,Expense,SUBS,M0011,-20.0,ACH,SUBS
T0000384,2022-08-03,CHK,Expense,RENT,M0014,-1200.0,ACH,RENT
T0000480,2022-08-04,CHK,Expense,PHON,M0012,-85.0,ACH,PHON
T0000528,2022-08-05,CHK,Expense,INS,M0015,-165.0,ACH,INS
T0000667,2022-08-06,CHK,Expense,GROC,M0004,-65.74,Debit,Groceries
T0001005,2022-08-07,CC2,Expense,ENT,M0022,-30.66,Card,Entertainment
T0001006,2022-08-13,CC2,Expense,DINE,M0010,-82.73,Card,Dining
T0000050,2022-08-13,CHK,Transfer,RET401,M_401K,-255.56,Payroll,401k Contribution
T0000668,2022-08-13,CHK,Expense,GROC,M0004,-58.78,Debit,Groceries
T0000049,2022-08-13,CHK,Income,PAY,M_PAYROLL,4259.26,Direct Deposit,Paycheck
T0000051,2022-08-13,INV401,Transfer,RET401,M_401K,255.56,Payroll,401k Contribution
T0000669,2022-08-20,CHK,Expense,GROC,M0004,-82.8,Debit,Groceries
T0001007,2022-08-21,CC2,Expense,ENT,M0021,-41.71,Card,Entertainment
T0000089,2022-08-24,CHK,Income,SIDE,M_SIDE,350.55,ACH,Side Income
T0001201,2022-08-26,CHK,Transfer,CC_PAY,M_CC_PAY,-50.92,ACH,CC Payment CC1
T0001297,2022-08-26,CHK,Transfer,CC_PAY,M_CC_PAY,-122.47,ACH,CC Payment CC2
T0001298,2022-08-26,CC2,Transfer,CC_PAY,M_CC_PAY,122.47,ACH,CC Payment
T0001202,2022-08-26,CC1,Transfer,CC_PAY,M_CC_PAY,50.92,ACH,CC Payment
T0000054,2022-08-27,INV401,Transfer,RET401,M_401K,255.56,Payroll,401k Contribution
T0000053,2022-08-27,CHK,Transfer,RET401,M_401K,-255.56,Payroll,401k Contribution
T0000052,2022-08-27,CHK,Income,PAY,M_PAYROLL,4259.26,Direct Deposit,Paycheck
T0000670,2022-08-27,CHK,Expense,GROC,M0003,-70.01,Debit,Groceries
T0000671,2022-08-29,CC1,Expense,GAS,M0006,-39.88,Card,Gas
T0000096,2022-09-01,SAV,Income,INT,M_BANKINT,50.11,ACH,Interest
T0001179,2022-09-02,CC1,Expense,DINE,M0009,-143.2,Card,Dining
T0000481,2022-09-02,CHK,Expense,PHON,M0012,-85.0,ACH,PHON
T0000672,2022-09-03,CHK,Expense,GROC,M0001,-52.02,Debit,Groceries
T0000577,2022-09-03,CC1,Expense,SUBS,M0011,-20.0,ACH,SUBS
T0001008,2022-09-03,CC2,Expense,DINE,M0009,-53.37,Card,Dining
T0000385,2022-09-04,CHK,Expense,RENT,M0014,-1200.0,ACH,RENT
T0000433,2022-09-04,CHK,Expense,UTIL,M0013,-116.91,ACH,UTIL
T0000673,2022-09-05,CC1,Expense,GAS,M0005,-63.71,Card,Gas
T0000529,2022-09-05,CHK,Expense,INS,M0015,-165.0,ACH,INS
T0000055,2022-09-10,CHK,Income,PAY,M_PAYROLL,4259.26,Direct Deposit,Paycheck
T0000056,2022-09-10,CHK,Transfer,RET401,M_401K,-255.56,Payroll,401k Contribution
T0000057,2022-09-10,INV401,Transfer,RET401,M_401K,255.56,Payroll,401k Contribution
T0001009,2022-09-10,CC2,Expense,DINE,M0009,-55.56,Card,Dining
T0000674,2022-09-10,CHK,Expense,GROC,M0004,-58.87,Debit,Groceries
T0000675,2022-09-12,CC1,Expense,GAS,M0005,-53.96,Card,Gas
T0001010,2022-09-17,CC2,Expense,DINE,M0009,-32.2,Card,Dining
T0000676,2022-09-17,CHK,Expense,GROC,M0001,-25.57,Debit,Groceries
T0000090,2022-09-18,CHK,Income,SIDE,M_SIDE,366.86,ACH,Side Income
T0000677,2022-09-19,CC1,Expense,GAS,M0008,-52.77,Card,Gas
T0000058,2022-09-24,CHK,Income,PAY,M_PAYROLL,4259.26,Direct Deposit,Paycheck
T0000678,2022-09-24,CHK,Expense,GROC,M0003,-83.92,Debit,Groceries
T0000059,2022-09-24,CHK,Transfer,RET401,M_401K,-255.56,Payroll,401k Contribution
T0000060,2022-09-24,INV401,Transfer,RET401,M_401K,255.56,Payroll,401k Contribution
T0000679,2022-09-26,CC1,Expense,GAS,M0006,-67.63,Card,Gas
T0001300,2022-09-26,CC2,Transfer,CC_PAY,M_CC_PAY,123.11,ACH,CC Payment
T0001204,2022-09-26,CC1,Transfer,CC_PAY,M_CC_PAY,1219.25,ACH,CC Payment
T0001203,2022-09-26,CHK,Transfer,CC_PAY,M_CC_PAY,-1219.25,ACH,CC Payment CC1
T0001299,2022-09-26,CHK,Transfer,CC_PAY,M_CC_PAY,-123.11,ACH,CC Payment CC2
T0000680,2022-10-01,CHK,Expense,GROC,M0004,-75.95,Debit,Groceries
T0000386,2022-10-02,CHK,Expense,RENT,M0014,-1200.0,ACH,RENT
T0001011,2022-10-02,CC2,Expense,ENT,M0021,-66.61,Card,Entertainment
T0000530,2022-10-03,CHK,Expense,INS,M0015,-165.0,ACH,INS
T0000482,2022-10-03,CHK,Expense,PHON,M0012,-85.0,ACH,PHON
T0000681,2022-10-03,CC1,Expense,GAS,M0005,-63.5,Card,Gas
T0000578,2022-10-05,CC1,Expense,SUBS,M0011,-20.0,ACH,SUBS
T0000434,2022-10-05,CHK,Expense,UTIL,M0013,-108.92,ACH,UTIL
T0000061,2022-10-08,CHK,Income,PAY,M_PAYROLL,4259.26,Direct Deposit,Paycheck
T0000682,2022-10-08,CHK,Expense,GROC,M0002,-84.8,Debit,Groceries
T0000063,2022-10-08,INV401,Transfer,RET401,M_401K,255.56,Payroll,401k Contribution
T0000062,2022-10-08,CHK,Transfer,RET401,M_401K,-255.56,Payroll,401k Contribution
T0000683,2022-10-10,CC1,Expense,GAS,M0006,-25.87,Card,Gas
T0000684,2022-10-15,CHK,Expense,GROC,M0003,-70.88,Debit,Groceries
T0000685,2022-10-17,CC1,Expense,GAS,M0007,-59.15,Card,Gas
T0000091,2022-10-18,CHK,Income,SIDE,M_SIDE,488.43,ACH,Side Income
T0000686,2022-10-22,CHK,Expense,GROC,M0004,-41.03,Debit,Groceries
T0000066,2022-10-22,INV401,Transfer,RET401,M_401K,255.56,Payroll,401k Contribution
T0000065,2022-10-22,CHK,Transfer,RET401,M_401K,-255.56,Payroll,401k Contribution
T0000064,2022-10-22,CHK,Income,PAY,M_PAYROLL,4259.26,Direct Deposit,Paycheck
T0001012,2022-10-22,CC2,Expense,DINE,M0009,-64.58,Card,Dining
T0000687,2022-10-24,CC1,Expense,GAS,M0006,-57.09,Card,Gas
T0001301,2022-10-26,CHK,Transfer,CC_PAY,M_CC_PAY,-179.32,ACH,CC Payment CC2
T0001206,2022-10-26,CC1,Transfer,CC_PAY,M_CC_PAY,203.01,ACH,CC Payment
T0001205,2022-10-26,CHK,Transfer,CC_PAY,M_CC_PAY,-203.01,ACH,CC Payment CC1
T0001302,2022-10-26,CC2,Transfer,CC_PAY,M_CC_PAY,179.32,ACH,CC Payment
T0001013,2022-10-29,CC2,Expense,DINE,M0010,-55.66,Card,Dining
T0000688,2022-10-29,CHK,Expense,GROC,M0003,-44.72,Debit,Groceries
T0001014,2022-10-30,CC2,Expense,ENT,M0021,-10.0,Card,Entertainment
T0000689,2022-10-31,CC1,Expense,GAS,M0007,-49.37,Card,Gas
T0000579,2022-11-02,CC1,Expense,SUBS,M0011,-20.0,ACH,SUBS
T0000483,2022-11-03,CHK,Expense,PHON,M0012,-85.0,ACH,PHON
T0000531,2022-11-04,CHK,Expense,INS,M0015,-165.0,ACH,INS
T0000435,2022-11-04,CHK,Expense,UTIL,M0013,-98.42,ACH,UTIL
T0000387,2022-11-05,CHK,Expense,RENT,M0014,-1200.0,ACH,RENT
T0001015,2022-11-05,CC2,Expense,DINE,M0009,-57.7,Card,Dining
T0000069,2022-11-05,INV401,Transfer,RET401,M_401K,255.56,Payroll,401k Contribution
T0000068,2022-11-05,CHK,Transfer,RET401,M_401K,-255.56,Payroll,401k Contribution
T0000067,2022-11-05,CHK,Income,PAY,M_PAYROLL,4259.26,Direct Deposit,Paycheck
T0000690,2022-11-05,CHK,Expense,GROC,M0001,-72.76,Debit,Groceries
T0000691,2022-11-07,CC1,Expense,GAS,M0007,-56.84,Card,Gas
T0000692,2022-11-12,CHK,Expense,GROC,M0002,-58.97,Debit,Groceries
T0000693,2022-11-14,CC1,Expense,GAS,M0007,-40.51,Card,Gas
T0000070,2022-11-19,CHK,Income,PAY,M_PAYROLL,4259.26,Direct Deposit,Paycheck
T0000071,2022-11-19,CHK,Transfer,RET401,M_401K,-255.56,Payroll,401k Contribution
T0000072,2022-11-19,INV401,Transfer,RET401,M_401K,255.56,Payroll,401k Contribution
T0000694,2022-11-19,CHK,Expense,GROC,M0001,-74.04,Debit,Groceries
T0001016,2022-11-20,CC2,Expense,ENT,M0021,-34.58,Card,Entertainment
T0000695,2022-11-21,CC1,Expense,GAS,M0005,-106.43,Card,Gas
T0000092,2022-11-21,CHK,Income,SIDE,M_SIDE,569.76,ACH,Side Income
T0000696,2022-11-26,CHK,Expense,GROC,M0001,-49.81,Debit,Groceries
T0001303,2022-11-26,CHK,Transfer,CC_PAY,M_CC_PAY,-119.17,ACH,CC Payment CC2
T0001017,2022-11-26,CC2,Expense,DINE,M0009,-35.57,Card,Dining
T0001304,2022-11-26,CC2,Transfer,CC_PAY,M_CC_PAY,119.17,ACH,CC Payment
T0001207,2022-11-26,CHK,Transfer,CC_PAY,M_CC_PAY,-199.06,ACH,CC Payment CC1
T0001208,2022-11-26,CC1,Transfer,CC_PAY,M_CC_PAY,199.06,ACH,CC Payment
T0000697,2022-11-28,CC1,Expense,GAS,M0007,-38.2,Card,Gas
T0000097,2022-12-01,SAV,Income,INT,M_BANKINT,43.16,ACH,Interest
T0000073,2022-12-03,CHK,Income,PAY,M_PAYROLL,4259.26,Direct Deposit,Paycheck
T0000698,2022-12-03,CHK,Expense,GROC,M0003,-94.61,Debit,Groceries
T0000075,2022-12-03,INV401,Transfer,RET401,M_401K,255.56,Payroll,401k Contribution
T0000074,2022-12-03,CHK,Transfer,RET401,M_401K,-255.56,Payroll,401k Contribution
T0000436,2022-12-03,CHK,Expense,UTIL,M0013,-185.31,ACH,UTIL
T0000388,2022-12-03,CHK,Expense,RENT,M0014,-1200.0,ACH,RENT
T0001018,2022-12-03,CC2,Expense,DINE,M0010,-42.3,Card,Dining
T0000532,2022-12-03,CHK,Expense,INS,M0015,-165.0,ACH,INS
T0000580,2022-12-04,CC1,Expense,SUBS,M0011,-20.0,ACH,SUBS
T0000484,2022-12-04,CHK,Expense,PHON,M0012,-85.0,ACH,PHON
T0000699,2022-12-10,CHK,Expense,GROC,M0002,-62.89,Debit,Groceries
T0001019,2022-12-10,CC2,Expense,DINE,M0010,-37.28,Card,Dining
T0000700,2022-12-12,CC1,Expense,GAS,M0005,-35.43,Card,Gas
T0000701,2022-12-17,CHK,Expense,GROC,M0002,-51.07,Debit,Groceries
T0001020,2022-12-17,CC2,Expense,DINE,M0010,-38.88,Card,Dining
T0000076,2022-12-17,CHK,Income,PAY,M_PAYROLL,4259.26,Direct Deposit,Paycheck
T0000077,2022-12-17,CHK,Transfer,RET401,M_401K,-255.56,Payroll,401k Contribution
T0000078,2022-12-17,INV401,Transfer,RET401,M_401K,255.56,Payroll,401k Contribution
T0001021,2022-12-18,CC2,Expense,ENT,M0021,-19.41,Card,Entertainment
T0000702,2022-12-19,CC1,Expense,GAS,M0005,-15.0,Card,Gas
T0000093,2022-12-19,CHK,Income,SIDE,M_SIDE,464.93,ACH,Side Income
T0001022,2022-12-24,CC2,Expense,DINE,M0009,-62.76,Card,Dining
T0000703,2022-12-24,CHK,Expense,GROC,M0004,-38.86,Debit,Groceries
T0001023,2022-12-25,CC2,Expense,ENT,M0021,-29.42,Card,Entertainment
T0001306,2022-12-26,CC2,Transfer,CC_PAY,M_CC_PAY,187.49,ACH,CC Payment
T0001305,2022-12-26,CHK,Transfer,CC_PAY,M_CC_PAY,-187.49,ACH,CC Payment CC2
T0001209,2022-12-26,CHK,Transfer,CC_PAY,M_CC_PAY,-65.45,ACH,CC Payment CC1
T0001210,2022-12-26,CC1,Transfer,CC_PAY,M_CC_PAY,65.45,ACH,CC Payment
T0000079,2022-12-31,CHK,Income,PAY,M_PAYROLL,4259.26,Direct Deposit,Paycheck
T0000080,2022-12-31,CHK,Transfer,RET401,M_401K,-255.56,Payroll,401k Contribution
T0000081,2022-12-31,INV401,Transfer,RET401,M_401K,255.56,Payroll,401k Contribution
T0000704,2022-12-31,CHK,Expense,GROC,M0002,-78.71,Debit,Groceries
T0001024,2023-01-01,CC2,Expense,ENT,M0022,-67.65,Card,Entertainment
T0000389,2023-01-02,CHK,Expense,RENT,M0014,-1250.0,ACH,RENT
T0000581,2023-01-02,CC1,Expense,SUBS,M0011,-22.0,ACH,SUBS
T0000485,2023-01-02,CHK,Expense,PHON,M0012,-85.0,ACH,PHON
T0000705,2023-01-02,CC1,Expense,GAS,M0007,-19.52,Card,Gas
T0000533,2023-01-04,CHK,Expense,INS,M0015,-175.0,ACH,INS
T0000437,2023-01-05,CHK,Expense,UTIL,M0013,-88.83,ACH,UTIL
T0000706,2023-01-07,CHK,Expense,GROC,M0003,-63.41,Debit,Groceries
T0000707,2023-01-09,CC1,Expense,GAS,M0005,-66.12,Card,Gas
T0000177,2023-01-09,CHK,Income,SIDE,M_SIDE,681.59,ACH,Side Income
T0000098,2023-01-14,CHK,Income,PAY,M_PAYROLL,4615.38,Direct Deposit,Paycheck
T0000099,2023-01-14,CHK,Transfer,RET401,M_401K,-276.92,Payroll,401k Contribution
T0000708,2023-01-14,CHK,Expense,GROC,M0003,-73.03,Debit,Groceries
T0001025,2023-01-14,CC2,Expense,DINE,M0009,-15.0,Card,Dining
T0000100,2023-01-14,INV401,Transfer,RET401,M_401K,276.92,Payroll,401k Contribution
T0001026,2023-01-15,CC2,Expense,ENT,M0022,-64.1,Card,Entertainment
T0000709,2023-01-16,CC1,Expense,GAS,M0007,-67.62,Card,Gas
T0001027,2023-01-21,CC2,Expense,DINE,M0010,-52.08,Card,Dining
T0000710,2023-01-21,CHK,Expense,GROC,M0004,-60.53,Debit,Groceries
T0000711,2023-01-23,CC1,Expense,GAS,M0005,-38.96,Card,Gas
T0001211,2023-01-26,CHK,Transfer,CC_PAY,M_CC_PAY,-229.9,ACH,CC Payment CC1
T0001307,2023-01-26,CHK,Transfer,CC_PAY,M_CC_PAY,-214.17,ACH,CC Payment CC2
T0001212,2023-01-26,CC1,Transfer,CC_PAY,M_CC_PAY,229.9,ACH,CC Payment
T0001308,2023-01-26,CC2,Transfer,CC_PAY,M_CC_PAY,214.17,ACH,CC Payment
T0000102,2023-01-28,CHK,Transfer,RET401,M_401K,-276.92,Payroll,401k Contribution
T0000101,2023-01-28,CHK,Income,PAY,M_PAYROLL,4615.38,Direct Deposit,Paycheck
T0000712,2023-01-28,CHK,Expense,GROC,M0001,-111.21,Debit,Groceries
T0001028,2023-01-28,CC2,Expense,DINE,M0009,-80.74,Card,Dining
T0000103,2023-01-28,INV401,Transfer,RET401,M_401K,276.92,Payroll,401k Contribution
T0000713,2023-01-30,CC1,Expense,GAS,M0008,-78.18,Card,Gas
T0000390,2023-02-02,CHK,Expense,RENT,M0014,-1250.0,ACH,RENT
T0000486,2023-02-03,CHK,Expense,PHON,M0012,-85.0,ACH,PHON
T0000582,2023-02-03,CC1,Expense,SUBS,M0011,-22.0,ACH,SUBS
T0000714,2023-02-04,CHK,Expense,GROC,M0001,-63.02,Debit,Groceries
T0001029,2023-02-04,CC2,Expense,DINE,M0010,-60.03,Card,Dining
T0000534,2023-02-05,CHK,Expense,INS,M0015,-175.0,ACH,INS
T0001030,2023-02-05,CC2,Expense,ENT,M0022,-40.59,Card,Entertainment
T0000438,2023-02-05,CHK,Expense,UTIL,M0013,-124.0,ACH,UTIL
T0000715,2023-02-06,CC1,Expense,GAS,M0008,-42.97,Card,Gas
T0000104,2023-02-11,CHK,Income,PAY,M_PAYROLL,4615.38,Direct Deposit,Paycheck
T0000106,2023-02-11,INV401,Transfer,RET401,M_401K,276.92,Payroll,401k Contribution
T0000105,2023-02-11,CHK,Transfer,RET401,M_401K,-276.92,Payroll,401k Contribution
T0000716,2023-02-11,CHK,Expense,GROC,M0004,-71.06,Debit,Groceries
T0001031,2023-02-12,CC2,Expense,ENT,M0022,-26.91,Card,Entertainment
T0000717,2023-02-13,CC1,Expense,GAS,M0006,-70.34,Card,Gas
T0000176,2023-02-15,CHK,Income,BONUS,M_PAYROLL,7798.16,Direct Deposit,Annual Bonus
T0000178,2023-02-15,CHK,Income,SIDE,M_SIDE,365.34,ACH,Side Income
T0000718,2023-02-18,CHK,Expense,GROC,M0001,-62.47,Debit,Groceries
T0001032,2023-02-18,CC2,Expense,DINE,M0010,-28.95,Card,Dining
T0000719,2023-02-20,CC1,Expense,GAS,M0007,-61.52,Card,Gas
T0000720,2023-02-25,CHK,Expense,GROC,M0002,-105.26,Debit,Groceries
T0000107,2023-02-25,CHK,Income,PAY,M_PAYROLL,4615.38,Direct Deposit,Paycheck
T0001033,2023-02-25,CC2,Expense,DINE,M0010,-16.06,Card,Dining
T0000108,2023-02-25,CHK,Transfer,RET401,M_401K,-276.92,Payroll,401k Contribution
T0000109,2023-02-25,INV401,Transfer,RET401,M_401K,276.92,Payroll,401k Contribution
T0001310,2023-02-26,CC2,Transfer,CC_PAY,M_CC_PAY,207.01,ACH,CC Payment
T0001309,2023-02-26,CHK,Transfer,CC_PAY,M_CC_PAY,-207.01,ACH,CC Payment CC2
T0001034,2023-02-26,CC2,Expense,ENT,M0022,-44.06,Card,Entertainment
T0001214,2023-02-26,CC1,Transfer,CC_PAY,M_CC_PAY,189.46,ACH,CC Payment
T0001213,2023-02-26,CHK,Transfer,CC_PAY,M_CC_PAY,-189.46,ACH,CC Payment CC1
T0000721,2023-02-27,CC1,Expense,GAS,M0007,-20.17,Card,Gas
T0000189,2023-03-01,SAV,Income,INT,M_BANKINT,25.03,ACH,Interest
T0000391,2023-03-02,CHK,Expense,RENT,M0014,-1250.0,ACH,RENT
T0000535,2023-03-03,CHK,Expense,INS,M0015,-175.0,ACH,INS
T0000722,2023-03-04,CHK,Expense,GROC,M0003,-68.01,Debit,Groceries
T0001035,2023-03-04,CC2,Expense,DINE,M0009,-19.67,Card,Dining
T0000487,2023-03-04,CHK,Expense,PHON,M0012,-85.0,ACH,PHON
T0000583,2023-03-04,CC1,Expense,SUBS,M0011,-22.0,ACH,SUBS
T0000439,2023-03-05,CHK,Expense,UTIL,M0013,-110.91,ACH,UTIL
T0000723,2023-03-06,CC1,Expense,GAS,M0005,-57.19,Card,Gas
T0000179,2023-03-07,CHK,Income,SIDE,M_SIDE,753.2,ACH,Side Income
T0000724,2023-03-11,CHK,Expense,GROC,M0004,-107.92,Debit,Groceries
T0000110,2023-03-11,CHK,Income,PAY,M_PAYROLL,4615.38,Direct Deposit,Paycheck
T0000111,2023-03-11,CHK,Transfer,RET401,M_401K,-276.92,Payroll,401k Contribution
T0000112,2023-03-11,INV401,Transfer,RET401,M_401K,276.92,Payroll,401k Contribution
T0000725,2023-03-13,CC1,Expense,GAS,M0006,-71.26,Card,Gas
T0000726,2023-03-18,CHK,Expense,GROC,M0004,-47.47,Debit,Groceries
T0001036,2023-03-19,CC2,Expense,ENT,M0022,-64.3,Card,Entertainment
T0000727,2023-03-20,CC1,Expense,GAS,M0008,-96.92,Card,Gas
T0000728,2023-03-25,CHK,Expense,GROC,M0002,-94.32,Debit,Groceries
T0001037,2023-03-25,CC2,Expense,DINE,M0009,-77.48,Card,Dining
T0000113,2023-03-25,CHK,Income,PAY,M_PAYROLL,4615.38,Direct Deposit,Paycheck
T0000114,2023-03-25,CHK,Transfer,RET401,M_401K,-276.92,Payroll,401k Contribution
T0000115,2023-03-25,INV401,Transfer,RET401,M_401K,276.92,Payroll,401k Contribution
T0001311,2023-03-26,CHK,Transfer,CC_PAY,M_CC_PAY,-126.29,ACH,CC Payment CC2
T0001215,2023-03-26,CHK,Transfer,CC_PAY,M_CC_PAY,-257.67,ACH,CC Payment CC1
T0001216,2023-03-26,CC1,Transfer,CC_PAY,M_CC_PAY,257.67,ACH,CC Payment
T0001312,2023-03-26,CC2,Transfer,CC_PAY,M_CC_PAY,126.29,ACH,CC Payment
T0001038,2023-03-26,CC2,Expense,ENT,M0021,-10.0,Card,Entertainment
T0000729,2023-03-27,CC1,Expense,GAS,M0005,-58.08,Card,Gas
T0000730,2023-04-01,CHK,Expense,GROC,M0004,-119.68,Debit,Groceries
T0000488,2023-04-02,CHK,Expense,PHON,M0012,-85.0,ACH,PHON
T0000584,2023-04-02,CC1,Expense,SUBS,M0011,-22.0,ACH,SUBS
T0000440,2023-04-03,CHK,Expense,UTIL,M0013,-129.27,ACH,UTIL
T0000731,2023-04-03,CC1,Expense,GAS,M0008,-52.78,Card,Gas
T0000536,2023-04-03,CHK,Expense,INS,M0015,-175.0,ACH,INS
T0000392,2023-04-04,CHK,Expense,RENT,M0014,-1250.0,ACH,RENT
T0000116,2023-04-08,CHK,Income,PAY,M_PAYROLL,4615.38,Direct Deposit,Paycheck
T0000118,2023-04-08,INV401,Transfer,RET401,M_401K,276.92,Payroll,401k Contribution
T0000117,2023-04-08,CHK,Transfer,RET401,M_401K,-276.92,Payroll,401k Contribution
T0000732,2023-04-08,CHK,Expense,GROC,M0003,-86.51,Debit,Groceries
T0001039,2023-04-15,CC2,Expense,DINE,M0009,-42.56,Card,Dining
T0000733,2023-04-15,CHK,Expense,GROC,M0003,-64.07,Debit,Groceries
T0000734,2023-04-17,CC1,Expense,GAS,M0008,-49.44,Card,Gas
T0000180,2023-04-21,CHK,Income,SIDE,M_SIDE,716.4,ACH,Side Income
T0000121,2023-04-22,INV401,Transfer,RET401,M_401K,276.92,Payroll,401k Contribution
T0000120,2023-04-22,CHK,Transfer,RET401,M_401K,-276.92,Payroll,401k Contribution
T0001040,2023-04-22,CC2,Expense,DINE,M0009,-51.7,Card,Dining
T0000735,2023-04-22,CHK,Expense,GROC,M0003,-78.01,Debit,Groceries
T0000119,2023-04-22,CHK,Income,PAY,M_PAYROLL,4615.38,Direct Deposit,Paycheck
T0001217,2023-04-26,CHK,Transfer,CC_PAY,M_CC_PAY,-90.9,ACH,CC Payment CC1
T0001314,2023-04-26,CC2,Transfer,CC_PAY,M_CC_PAY,98.03,ACH,CC Payment
T0001313,2023-04-26,CHK,Transfer,CC_PAY,M_CC_PAY,-98.03,ACH,CC Payment CC2
T0001218,2023-04-26,CC1,Transfer,CC_PAY,M_CC_PAY,90.9,ACH,CC Payment
T0001041,2023-04-29,CC2,Expense,DINE,M0009,-41.99,Card,Dining
T0000736,2023-04-29,CHK,Expense,GROC,M0002,-46.46,Debit,Groceries
T0000737,2023-05-01,CC1,Expense,GAS,M0006,-72.54,Card,Gas
T0000393,2023-05-04,CHK,Expense,RENT,M0014,-1250.0,ACH,RENT
T0000537,2023-05-04,CHK,Expense,INS,M0015,-175.0,ACH,INS
T0000489,2023-05-04,CHK,Expense,PHON,M0012,-85.0,ACH,PHON
T0000585,2023-05-04,CC1,Expense,SUBS,M0011,-22.0,ACH,SUBS
T0000441,2023-05-05,CHK,Expense,UTIL,M0013,-209.93,ACH,UTIL
T0000738,2023-05-06,CHK,Expense,GROC,M0004,-50.82,Debit,Groceries
T0000124,2023-05-06,INV401,Transfer,RET401,M_401K,276.92,Payroll,401k Contribution
T0000123,2023-05-06,CHK,Transfer,RET401,M_401K,-276.92,Payroll,401k Contribution
T0000122,2023-05-06,CHK,Income,PAY,M_PAYROLL,4615.38,Direct Deposit,Paycheck
T0000181,2023-05-11,CHK,Income,SIDE,M_SIDE,393.57,ACH,Side Income
T0000739,2023-05-13,CHK,Expense,GROC,M0002,-91.62,Debit,Groceries
T0001042,2023-05-14,CC2,Expense,ENT,M0022,-61.57,Card,Entertainment
T0000740,2023-05-15,CC1,Expense,GAS,M0008,-58.65,Card,Gas
T0000126,2023-05-20,CHK,Transfer,RET401,M_401K,-276.92,Payroll,401k Contribution
T0000741,2023-05-20,CHK,Expense,GROC,M0004,-48.5,Debit,Groceries
T0001043,2023-05-20,CC2,Expense,DINE,M0010,-53.27,Card,Dining
T0000127,2023-05-20,INV401,Transfer,RET401,M_401K,276.92,Payroll,401k Contribution
T0000125,2023-05-20,CHK,Income,PAY,M_PAYROLL,4615.38,Direct Deposit,Paycheck
T0001316,2023-05-26,CC2,Transfer,CC_PAY,M_CC_PAY,88.37,ACH,CC Payment
T0001315,2023-05-26,CHK,Transfer,CC_PAY,M_CC_PAY,-88.37,ACH,CC Payment CC2
T0001220,2023-05-26,CC1,Transfer,CC_PAY,M_CC_PAY,140.04,ACH,CC Payment
T0001219,2023-05-26,CHK,Transfer,CC_PAY,M_CC_PAY,-140.04,ACH,CC Payment CC1
T0000742,2023-05-27,CHK,Expense,GROC,M0004,-132.82,Debit,Groceries
T0000190,2023-06-01,SAV,Income,INT,M_BANKINT,27.37,ACH,Interest
T0000442,2023-06-02,CHK,Expense,UTIL,M0013,-165.46,ACH,UTIL
T0000490,2023-06-02,CHK,Expense,PHON,M0012,-85.0,ACH,PHON
T0000129,2023-06-03,CHK,Transfer,RET401,M_401K,-276.92,Payroll,401k Contribution
T0000586,2023-06-03,CC1,Expense,SUBS,M0011,-22.0,ACH,SUBS
T0000130,2023-06-03,INV401,Transfer,RET401,M_401K,276.92,Payroll,401k Contribution
T0000128,2023-06-03,CHK,Income,PAY,M_PAYROLL,4615.38,Direct Deposit,Paycheck
T0001044,2023-06-03,CC2,Expense,DINE,M0010,-27.82,Card,Dining
T0000743,2023-06-03,CHK,Expense,GROC,M0002,-69.52,Debit,Groceries
T0000538,2023-06-04,CHK,Expense,INS,M0015,-175.0,ACH,INS
T0000394,2023-06-05,CHK,Expense,RENT,M0014,-1250.0,ACH,RENT
T0000744,2023-06-05,CC1,Expense,GAS,M0005,-57.42,Card,Gas
T0000182,2023-06-08,CHK,Income,SIDE,M_SIDE,487.69,ACH,Side Income
T0000745,2023-06-10,CHK,Expense,GROC,M0001,-77.55,Debit,Groceries
T0000746,2023-06-12,CC1,Expense,GAS,M0005,-28.62,Card,Gas
T0001180,2023-06-12,CC1,Expense,DINE,M0010,-210.0,Card,Dining
T0001045,2023-06-17,CC2,Expense,DINE,M0009,-47.06,Card,Dining
T0000747,2023-06-17,CHK,Expense,GROC,M0004,-101.38,Debit,Groceries
T0000131,2023-06-17,CHK,Income,PAY,M_PAYROLL,4615.38,Direct Deposit,Paycheck
T0000132,2023-06-17,CHK,Transfer,RET401,M_401K,-276.92,Payroll,401k Contribution
T0000133,2023-06-17,INV401,Transfer,RET401,M_401K,276.92,Payroll,401k Contribution
T0000748,2023-06-19,CC1,Expense,GAS,M0008,-83.17,Card,Gas
T0000749,2023-06-24,CHK,Expense,GROC,M0003,-79.68,Debit,Groceries
T0001046,2023-06-25,CC2,Expense,ENT,M0021,-51.86,Card,Entertainment
T0000750,2023-06-26,CC1,Expense,GAS,M0008,-60.54,Card,Gas
T0001221,2023-06-26,CHK,Transfer,CC_PAY,M_CC_PAY,-752.99,ACH,CC Payment CC1
T0001222,2023-06-26,CC1,Transfer,CC_PAY,M_CC_PAY,752.99,ACH,CC Payment
T0001317,2023-06-26,CHK,Transfer,CC_PAY,M_CC_PAY,-107.45,ACH,CC Payment CC2
T0001318,2023-06-26,CC2,Transfer,CC_PAY,M_CC_PAY,107.45,ACH,CC Payment
T0000135,2023-07-01,CHK,Transfer,RET401,M_401K,-276.92,Payroll,401k Contribution
T0000751,2023-07-01,CHK,Expense,GROC,M0003,-93.4,Debit,Groceries
T0000136,2023-07-01,INV401,Transfer,RET401,M_401K,276.92,Payroll,401k Contribution
T0001047,2023-07-01,CC2,Expense,DINE,M0010,-35.7,Card,Dining
T0000134,2023-07-01,CHK,Income,PAY,M_PAYROLL,4615.38,Direct Deposit,Paycheck
T0000587,2023-07-02,CC1,Expense,SUBS,M0011,-22.0,ACH,SUBS
T0000395,2023-07-02,CHK,Expense,RENT,M0014,-1250.0,ACH,RENT
T0000752,2023-07-03,CC1,Expense,GAS,M0006,-64.76,Card,Gas
T0000539,2023-07-05,CHK,Expense,INS,M0015,-175.0,ACH,INS
T0000443,2023-07-05,CHK,Expense,UTIL,M0013,-140.91,ACH,UTIL
T0000491,2023-07-05,CHK,Expense,PHON,M0012,-85.0,ACH,PHON
T0000753,2023-07-08,CHK,Expense,GROC,M0002,-61.96,Debit,Groceries
T0000139,2023-07-15,INV401,Transfer,RET401,M_401K,276.92,Payroll,401k Contribution
T0000138,2023-07-15,CHK,Transfer,RET401,M_401K,-276.92,Payroll,401k Contribution
T0000137,2023-07-15,CHK,Income,PAY,M_PAYROLL,4615.38,Direct Deposit,Paycheck
T0000754,2023-07-15,CHK,Expense,GROC,M0002,-97.5,Debit,Groceries
T0001048,2023-07-15,CC2,Expense,DINE,M0009,-15.0,Card,Dining
T0000755,2023-07-17,CC1,Expense,GAS,M0008,-57.96,Card,Gas
T0000183,2023-07-22,CHK,Income,SIDE,M_SIDE,348.4,ACH,Side Income
T0000756,2023-07-22,CHK,Expense,GROC,M0002,-76.71,Debit,Groceries
T0001049,2023-07-23,CC2,Expense,ENT,M0022,-27.02,Card,Entertainment
T0000757,2023-07-24,CC1,Expense,GAS,M0007,-45.86,Card,Gas
T0001224,2023-07-26,CC1,Transfer,CC_PAY,M_CC_PAY,187.62,ACH,CC Payment
T0001223,2023-07-26,CHK,Transfer,CC_PAY,M_CC_PAY,-187.62,ACH,CC Payment CC1
T0001319,2023-07-26,CHK,Transfer,CC_PAY,M_CC_PAY,-76.37,ACH,CC Payment CC2
T0001320,2023-07-26,CC2,Transfer,CC_PAY,M_CC_PAY,76.37,ACH,CC Payment
T0000758,2023-07-29,CHK,Expense,GROC,M0003,-57.34,Debit,Groceries
T0000141,2023-07-29,CHK,Transfer,RET401,M_401K,-276.92,Payroll,401k Contribution
T0000142,2023-07-29,INV401,Transfer,RET401,M_401K,276.92,Payroll,401k Contribution
T0000140,2023-07-29,CHK,Income,PAY,M_PAYROLL,4615.38,Direct Deposit,Paycheck
T0000759,2023-07-31,CC1,Expense,GAS,M0008,-61.16,Card,Gas
T0000492,2023-08-02,CHK,Expense,PHON,M0012,-85.0,ACH,PHON
T0000444,2023-08-03,CHK,Expense,UTIL,M0013,-173.51,ACH,UTIL
T0000540,2023-08-04,CHK,Expense,INS,M0015,-175.0,ACH,INS
T0001050,2023-08-05,CC2,Expense,DINE,M0009,-52.67,Card,Dining
T0000588,2023-08-05,CC1,Expense,SUBS,M0011,-22.0,ACH,SUBS
T0000396,2023-08-05,CHK,Expense,RENT,M0014,-1250.0,ACH,RENT
T0000760,2023-08-05,CHK,Expense,GROC,M0001,-70.29,Debit,Groceries
T0000184,2023-08-06,CHK,Income,SIDE,M_SIDE,712.88,ACH,Side Income
T0000143,2023-08-12,CHK,Income,PAY,M_PAYROLL,4615.38,Direct Deposit,Paycheck
T0000144,2023-08-12,CHK,Transfer,RET401,M_401K,-276.92,Payroll,401k Contribution
T0001051,2023-08-12,CC2,Expense,DINE,M0010,-77.24,Card,Dining
T0000761,2023-08-12,CHK,Expense,GROC,M0001,-40.32,Debit,Groceries
T0000145,2023-08-12,INV401,Transfer,RET401,M_401K,276.92,Payroll,401k Contribution
T0001052,2023-08-19,CC2,Expense,DINE,M0009,-107.64,Card,Dining
T0000762,2023-08-19,CHK,Expense,GROC,M0004,-59.02,Debit,Groceries
T0001053,2023-08-20,CC2,Expense,ENT,M0022,-58.53,Card,Entertainment
T0000763,2023-08-21,CC1,Expense,GAS,M0005,-80.2,Card,Gas
T0000764,2023-08-26,CHK,Expense,GROC,M0004,-72.58,Debit,Groceries
T0000146,2023-08-26,CHK,Income,PAY,M_PAYROLL,4615.38,Direct Deposit,Paycheck
T0001054,2023-08-26,CC2,Expense,DINE,M0010,-50.53,Card,Dining
T0001321,2023-08-26,CHK,Transfer,CC_PAY,M_CC_PAY,-374.08,ACH,CC Payment CC2
T0001226,2023-08-26,CC1,Transfer,CC_PAY,M_CC_PAY,115.16,ACH,CC Payment
T0001225,2023-08-26,CHK,Transfer,CC_PAY,M_CC_PAY,-115.16,ACH,CC Payment CC1
T0000147,2023-08-26,CHK,Transfer,RET401,M_401K,-276.92,Payroll,401k Contribution
T0000148,2023-08-26,INV401,Transfer,RET401,M_401K,276.92,Payroll,401k Contribution
T0001322,2023-08-26,CC2,Transfer,CC_PAY,M_CC_PAY,374.08,ACH,CC Payment
T0001055,2023-08-27,CC2,Expense,ENT,M0022,-60.59,Card,Entertainment
T0000765,2023-08-28,CC1,Expense,GAS,M0007,-47.83,Card,Gas
T0000191,2023-09-01,SAV,Income,INT,M_BANKINT,51.98,ACH,Interest
T0000766,2023-09-02,CHK,Expense,GROC,M0002,-98.28,Debit,Groceries
T0000541,2023-09-02,CHK,Expense,INS,M0015,-175.0,ACH,INS
T0000397,2023-09-02,CHK,Expense,RENT,M0014,-1250.0,ACH,RENT
T0000445,2023-09-03,CHK,Expense,UTIL,M0013,-143.8,ACH,UTIL
T0000493,2023-09-03,CHK,Expense,PHON,M0012,-85.0,ACH,PHON
T0001056,2023-09-03,CC2,Expense,ENT,M0022,-17.24,Card,Entertainment
T0000589,2023-09-05,CC1,Expense,SUBS,M0011,-22.0,ACH,SUBS
T0000767,2023-09-09,CHK,Expense,GROC,M0003,-64.32,Debit,Groceries
T0000151,2023-09-09,INV401,Transfer,RET401,M_401K,276.92,Payroll,401k Contribution
T0000150,2023-09-09,CHK,Transfer,RET401,M_401K,-276.92,Payroll,401k Contribution
T0000149,2023-09-09,CHK,Income,PAY,M_PAYROLL,4615.38,Direct Deposit,Paycheck
T0000768,2023-09-11,CC1,Expense,GAS,M0006,-69.28,Card,Gas
T0000769,2023-09-16,CHK,Expense,GROC,M0004,-58.88,Debit,Groceries
T0001057,2023-09-16,CC2,Expense,DINE,M0009,-43.74,Card,Dining
T0000770,2023-09-18,CC1,Expense,GAS,M0007,-54.36,Card,Gas
T0000185,2023-09-20,CHK,Income,SIDE,M_SIDE,485.37,ACH,Side Income
T0000153,2023-09-23,CHK,Transfer,RET401,M_401K,-276.92,Payroll,401k Contribution
T0000771,2023-09-23,CHK,Expense,GROC,M0003,-61.6,Debit,Groceries
T0001058,2023-09-23,CC2,Expense,DINE,M0010,-90.67,Card,Dining
T0000152,2023-09-23,CHK,Income,PAY,M_PAYROLL,4615.38,Direct Deposit,Paycheck
T0000154,2023-09-23,INV401,Transfer,RET401,M_401K,276.92,Payroll,401k Contribution
T0000772,2023-09-25,CC1,Expense,GAS,M0005,-56.34,Card,Gas
T0001324,2023-09-26,CC2,Transfer,CC_PAY,M_CC_PAY,158.62,ACH,CC Payment
T0001228,2023-09-26,CC1,Transfer,CC_PAY,M_CC_PAY,191.83,ACH,CC Payment
T0001227,2023-09-26,CHK,Transfer,CC_PAY,M_CC_PAY,-191.83,ACH,CC Payment CC1
T0001323,2023-09-26,CHK,Transfer,CC_PAY,M_CC_PAY,-158.62,ACH,CC Payment CC2
T0000773,2023-09-30,CHK,Expense,GROC,M0004,-75.75,Debit,Groceries
T0001059,2023-09-30,CC2,Expense,DINE,M0010,-30.84,Card,Dining
T0000446,2023-10-02,CHK,Expense,UTIL,M0013,-148.11,ACH,UTIL
T0000774,2023-10-02,CC1,Expense,GAS,M0005,-46.48,Card,Gas
T0000590,2023-10-03,CC1,Expense,SUBS,M0011,-22.0,ACH,SUBS
T0000542,2023-10-03,CHK,Expense,INS,M0015,-175.0,ACH,INS
T0000494,2023-10-05,CHK,Expense,PHON,M0012,-85.0,ACH,PHON
T0000398,2023-10-05,CHK,Expense,RENT,M0014,-1250.0,ACH,RENT
T0001060,2023-10-07,CC2,Expense,DINE,M0009,-50.54,Card,Dining
T0000157,2023-10-07,INV401,Transfer,RET401,M_401K,276.92,Payroll,401k Contribution
T0000775,2023-10-07,CHK,Expense,GROC,M0003,-102.83,Debit,Groceries
T0000156,2023-10-07,CHK,Transfer,RET401,M_401K,-276.92,Payroll,401k Contribution
T0000155,2023-10-07,CHK,Income,PAY,M_PAYROLL,4615.38,Direct Deposit,Paycheck
T0000186,2023-10-09,CHK,Income,SIDE,M_SIDE,678.73,ACH,Side Income
T0000776,2023-10-14,CHK,Expense,GROC,M0003,-97.13,Debit,Groceries
T0000777,2023-10-16,CC1,Expense,GAS,M0007,-66.78,Card,Gas
T0000159,2023-10-21,CHK,Transfer,RET401,M_401K,-276.92,Payroll,401k Contribution
T0000778,2023-10-21,CHK,Expense,GROC,M0003,-131.77,Debit,Groceries
T0001061,2023-10-21,CC2,Expense,DINE,M0010,-65.49,Card,Dining
T0000158,2023-10-21,CHK,Income,PAY,M_PAYROLL,4615.38,Direct Deposit,Paycheck
T0000160,2023-10-21,INV401,Transfer,RET401,M_401K,276.92,Payroll,401k Contribution
T0000779,2023-10-23,CC1,Expense,GAS,M0005,-71.17,Card,Gas
T0001325,2023-10-26,CHK,Transfer,CC_PAY,M_CC_PAY,-196.58,ACH,CC Payment CC2
T0001326,2023-10-26,CC2,Transfer,CC_PAY,M_CC_PAY,196.58,ACH,CC Payment
T0001229,2023-10-26,CHK,Transfer,CC_PAY,M_CC_PAY,-206.84,ACH,CC Payment CC1
T0001230,2023-10-26,CC1,Transfer,CC_PAY,M_CC_PAY,206.84,ACH,CC Payment
T0001062,2023-10-28,CC2,Expense,DINE,M0009,-75.18,Card,Dining
T0000780,2023-10-28,CHK,Expense,GROC,M0002,-67.05,Debit,Groceries
T0001063,2023-10-29,CC2,Expense,ENT,M0022,-38.34,Card,Entertainment
T0000543,2023-11-03,CHK,Expense,INS,M0015,-175.0,ACH,INS
T0000447,2023-11-04,CHK,Expense,UTIL,M0013,-106.57,ACH,UTIL
T0000781,2023-11-04,CHK,Expense,GROC,M0001,-117.51,Debit,Groceries
T0000163,2023-11-04,INV401,Transfer,RET401,M_401K,276.92,Payroll,401k Contribution
T0000162,2023-11-04,CHK,Transfer,RET401,M_401K,-276.92,Payroll,401k Contribution
T0000161,2023-11-04,CHK,Income,PAY,M_PAYROLL,4615.38,Direct Deposit,Paycheck
T0000495,2023-11-05,CHK,Expense,PHON,M0012,-85.0,ACH,PHON
T0000591,2023-11-05,CC1,Expense,SUBS,M0011,-22.0,ACH,SUBS
T0001064,2023-11-05,CC2,Expense,ENT,M0022,-26.41,Card,Entertainment
T0000399,2023-11-05,CHK,Expense,RENT,M0014,-1250.0,ACH,RENT
T0000782,2023-11-06,CC1,Expense,GAS,M0006,-35.62,Card,Gas
T0000783,2023-11-11,CHK,Expense,GROC,M0003,-91.61,Debit,Groceries
T0001065,2023-11-11,CC2,Expense,DINE,M0009,-28.58,Card,Dining
T0000187,2023-11-15,CHK,Income,SIDE,M_SIDE,433.12,ACH,Side Income
T0000165,2023-11-18,CHK,Transfer,RET401,M_401K,-276.92,Payroll,401k Contribution
T0000164,2023-11-18,CHK,Income,PAY,M_PAYROLL,4615.38,Direct Deposit,Paycheck
T0000166,2023-11-18,INV401,Transfer,RET401,M_401K,276.92,Payroll,401k Contribution
T0000784,2023-11-18,CHK,Expense,GROC,M0001,-93.41,Debit,Groceries
T0000785,2023-11-20,CC1,Expense,GAS,M0005,-64.1,Card,Gas
T0000786,2023-11-25,CHK,Expense,GROC,M0003,-91.33,Debit,Groceries
T0001328,2023-11-26,CC2,Transfer,CC_PAY,M_CC_PAY,49.93,ACH,CC Payment
T0001232,2023-11-26,CC1,Transfer,CC_PAY,M_CC_PAY,187.66,ACH,CC Payment
T0001231,2023-11-26,CHK,Transfer,CC_PAY,M_CC_PAY,-187.66,ACH,CC Payment CC1
T0001327,2023-11-26,CHK,Transfer,CC_PAY,M_CC_PAY,-49.93,ACH,CC Payment CC2
T0000787,2023-11-27,CC1,Expense,GAS,M0006,-75.55,Card,Gas
T0000192,2023-12-01,SAV,Income,INT,M_BANKINT,45.78,ACH,Interest
T0000496,2023-12-02,CHK,Expense,PHON,M0012,-85.0,ACH,PHON
T0001066,2023-12-02,CC2,Expense,DINE,M0010,-15.0,Card,Dining
T0000167,2023-12-02,CHK,Income,PAY,M_PAYROLL,4615.38,Direct Deposit,Paycheck
T0000168,2023-12-02,CHK,Transfer,RET401,M_401K,-276.92,Payroll,401k Contribution
T0000169,2023-12-02,INV401,Transfer,RET401,M_401K,276.92,Payroll,401k Contribution
T0000544,2023-12-02,CHK,Expense,INS,M0015,-175.0,ACH,INS
T0000448,2023-12-02,CHK,Expense,UTIL,M0013,-152.08,ACH,UTIL
T0000788,2023-12-02,CHK,Expense,GROC,M0001,-20.0,Debit,Groceries
T0001067,2023-12-03,CC2,Expense,ENT,M0021,-13.06,Card,Entertainment
T0000592,2023-12-03,CC1,Expense,SUBS,M0011,-22.0,ACH,SUBS
T0000789,2023-12-04,CC1,Expense,GAS,M0007,-34.32,Card,Gas
T0000400,2023-12-05,CHK,Expense,RENT,M0014,-1250.0,ACH,RENT
T0000790,2023-12-09,CHK,Expense,GROC,M0002,-98.97,Debit,Groceries
T0001068,2023-12-09,CC2,Expense,DINE,M0009,-79.54,Card,Dining
T0000188,2023-12-09,CHK,Income,SIDE,M_SIDE,748.29,ACH,Side Income
T0001069,2023-12-10,CC2,Expense,ENT,M0021,-13.2,Card,Entertainment
T0000172,2023-12-16,INV401,Transfer,RET401,M_401K,276.92,Payroll,401k Contribution
T0000791,2023-12-16,CHK,Expense,GROC,M0004,-52.78,Debit,Groceries
T0000170,2023-12-16,CHK,Income,PAY,M_PAYROLL,4615.38,Direct Deposit,Paycheck
T0000171,2023-12-16,CHK,Transfer,RET401,M_401K,-276.92,Payroll,401k Contribution
T0001070,2023-12-17,CC2,Expense,ENT,M0022,-66.69,Card,Entertainment
T0000792,2023-12-18,CC1,Expense,GAS,M0007,-36.77,Card,Gas
T0000793,2023-12-23,CHK,Expense,GROC,M0001,-52.18,Debit,Groceries
T0001330,2023-12-26,CC2,Transfer,CC_PAY,M_CC_PAY,166.48,ACH,CC Payment
T0001233,2023-12-26,CHK,Transfer,CC_PAY,M_CC_PAY,-82.3,ACH,CC Payment CC1
T0001329,2023-12-26,CHK,Transfer,CC_PAY,M_CC_PAY,-166.48,ACH,CC Payment CC2
T0001234,2023-12-26,CC1,Transfer,CC_PAY,M_CC_PAY,82.3,ACH,CC Payment
T0000173,2023-12-30,CHK,Income,PAY,M_PAYROLL,4615.38,Direct Deposit,Paycheck
T0000174,2023-12-30,CHK,Transfer,RET401,M_401K,-276.92,Payroll,401k Contribution
T0000175,2023-12-30,INV401,Transfer,RET401,M_401K,276.92,Payroll,401k Contribution
T0000794,2023-12-30,CHK,Expense,GROC,M0002,-74.33,Debit,Groceries
T0000795,2024-01-01,CC1,Expense,GAS,M0005,-51.9,Card,Gas
T0000497,2024-01-02,CHK,Expense,PHON,M0012,-95.0,ACH,PHON
T0000545,2024-01-03,CHK,Expense,INS,M0015,-185.0,ACH,INS
T0000593,2024-01-04,CC1,Expense,SUBS,M0011,-24.0,ACH,SUBS
T0000401,2024-01-05,CHK,Expense,RENT,M0014,-1295.0,ACH,RENT
T0000449,2024-01-05,CHK,Expense,UTIL,M0013,-188.34,ACH,UTIL
T0000796,2024-01-06,CHK,Expense,GROC,M0003,-100.58,Debit,Groceries
T0001071,2024-01-06,CC2,Expense,DINE,M0009,-40.02,Card,Dining
T0000797,2024-01-08,CC1,Expense,GAS,M0006,-75.96,Card,Gas
T0000798,2024-01-13,CHK,Expense,GROC,M0003,-75.45,Debit,Groceries
T0000193,2024-01-13,CHK,Income,PAY,M_PAYROLL,4807.69,Direct Deposit,Paycheck
T0000194,2024-01-13,CHK,Transfer,RET401,M_401K,-288.46,Payroll,401k Contribution
T0000195,2024-01-13,INV401,Transfer,RET401,M_401K,288.46,Payroll,401k Contribution
T0001072,2024-01-13,CC2,Expense,DINE,M0009,-25.13,Card,Dining
T0001073,2024-01-14,CC2,Expense,ENT,M0022,-35.15,Card,Entertainment
T0000799,2024-01-15,CC1,Expense,GAS,M0006,-66.47,Card,Gas
T0000800,2024-01-20,CHK,Expense,GROC,M0004,-101.46,Debit,Groceries
T0001074,2024-01-20,CC2,Expense,DINE,M0009,-27.74,Card,Dining
T0000801,2024-01-22,CC1,Expense,GAS,M0006,-50.12,Card,Gas
T0001235,2024-01-26,CHK,Transfer,CC_PAY,M_CC_PAY,-244.23,ACH,CC Payment CC1
T0001236,2024-01-26,CC1,Transfer,CC_PAY,M_CC_PAY,244.23,ACH,CC Payment
T0001332,2024-01-26,CC2,Transfer,CC_PAY,M_CC_PAY,160.19,ACH,CC Payment
T0001331,2024-01-26,CHK,Transfer,CC_PAY,M_CC_PAY,-160.19,ACH,CC Payment CC2
T0000196,2024-01-27,CHK,Income,PAY,M_PAYROLL,4807.69,Direct Deposit,Paycheck
T0000198,2024-01-27,INV401,Transfer,RET401,M_401K,288.46,Payroll,401k Contribution
T0000197,2024-01-27,CHK,Transfer,RET401,M_401K,-288.46,Payroll,401k Contribution
T0000802,2024-01-27,CHK,Expense,GROC,M0003,-70.98,Debit,Groceries
T0001075,2024-01-27,CC2,Expense,DINE,M0010,-36.48,Card,Dining
T0001076,2024-01-28,CC2,Expense,ENT,M0021,-35.49,Card,Entertainment
T0000803,2024-01-29,CC1,Expense,GAS,M0008,-36.99,Card,Gas
T0000450,2024-02-02,CHK,Expense,UTIL,M0013,-148.43,ACH,UTIL
T0000498,2024-02-03,CHK,Expense,PHON,M0012,-95.0,ACH,PHON
T0000804,2024-02-03,CHK,Expense,GROC,M0003,-100.7,Debit,Groceries
T0000546,2024-02-03,CHK,Expense,INS,M0015,-185.0,ACH,INS
T0000402,2024-02-04,CHK,Expense,RENT,M0014,-1295.0,ACH,RENT
T0000805,2024-02-05,CC1,Expense,GAS,M0005,-64.25,Card,Gas
T0000594,2024-02-05,CC1,Expense,SUBS,M0011,-24.0,ACH,SUBS
T0000200,2024-02-10,CHK,Transfer,RET401,M_401K,-288.46,Payroll,401k Contribution
T0001077,2024-02-10,CC2,Expense,DINE,M0010,-27.68,Card,Dining
T0000806,2024-02-10,CHK,Expense,GROC,M0003,-54.36,Debit,Groceries
T0000199,2024-02-10,CHK,Income,PAY,M_PAYROLL,4807.69,Direct Deposit,Paycheck
T0000201,2024-02-10,INV401,Transfer,RET401,M_401K,288.46,Payroll,401k Contribution
T0000807,2024-02-12,CC1,Expense,GAS,M0006,-62.83,Card,Gas
T0000271,2024-02-15,CHK,Income,BONUS,M_PAYROLL,10756.08,Direct Deposit,Annual Bonus
T0001078,2024-02-17,CC2,Expense,DINE,M0010,-56.7,Card,Dining
T0000808,2024-02-17,CHK,Expense,GROC,M0001,-64.48,Debit,Groceries
T0000809,2024-02-19,CC1,Expense,GAS,M0006,-62.42,Card,Gas
T0000810,2024-02-24,CHK,Expense,GROC,M0004,-119.42,Debit,Groceries
T0000202,2024-02-24,CHK,Income,PAY,M_PAYROLL,4807.69,Direct Deposit,Paycheck
T0000203,2024-02-24,CHK,Transfer,RET401,M_401K,-288.46,Payroll,401k Contribution
T0000204,2024-02-24,INV401,Transfer,RET401,M_401K,288.46,Payroll,401k Contribution
T0001333,2024-02-26,CHK,Transfer,CC_PAY,M_CC_PAY,-61.41,ACH,CC Payment CC2
T0001237,2024-02-26,CHK,Transfer,CC_PAY,M_CC_PAY,-174.63,ACH,CC Payment CC1
T0001238,2024-02-26,CC1,Transfer,CC_PAY,M_CC_PAY,174.63,ACH,CC Payment
T0001334,2024-02-26,CC2,Transfer,CC_PAY,M_CC_PAY,61.41,ACH,CC Payment
T0000282,2024-03-01,SAV,Income,INT,M_BANKINT,48.51,ACH,Interest
T0000811,2024-03-02,CHK,Expense,GROC,M0004,-58.44,Debit,Groceries
T0000595,2024-03-02,CC1,Expense,SUBS,M0011,-24.0,ACH,SUBS
T0000499,2024-03-03,CHK,Expense,PHON,M0012,-95.0,ACH,PHON
T0000403,2024-03-04,CHK,Expense,RENT,M0014,-1295.0,ACH,RENT
T0000547,2024-03-05,CHK,Expense,INS,M0015,-185.0,ACH,INS
T0000451,2024-03-05,CHK,Expense,UTIL,M0013,-81.12,ACH,UTIL
T0000206,2024-03-09,CHK,Transfer,RET401,M_401K,-288.46,Payroll,401k Contribution
T0000812,2024-03-09,CHK,Expense,GROC,M0004,-85.9,Debit,Groceries
T0001079,2024-03-09,CC2,Expense,DINE,M0010,-18.0,Card,Dining
T0000205,2024-03-09,CHK,Income,PAY,M_PAYROLL,4807.69,Direct Deposit,Paycheck
T0000207,2024-03-09,INV401,Transfer,RET401,M_401K,288.46,Payroll,401k Contribution
T0001080,2024-03-10,CC2,Expense,ENT,M0022,-31.61,Card,Entertainment
T0000813,2024-03-11,CC1,Expense,GAS,M0005,-55.99,Card,Gas
T0001081,2024-03-16,CC2,Expense,DINE,M0010,-35.57,Card,Dining
T0000814,2024-03-16,CHK,Expense,GROC,M0003,-67.84,Debit,Groceries
T0001082,2024-03-17,CC2,Expense,ENT,M0022,-25.99,Card,Entertainment
T0000815,2024-03-18,CC1,Expense,GAS,M0005,-50.49,Card,Gas
T0000272,2024-03-19,CHK,Income,SIDE,M_SIDE,688.56,ACH,Side Income
T0000816,2024-03-23,CHK,Expense,GROC,M0001,-20.0,Debit,Groceries
T0000210,2024-03-23,INV401,Transfer,RET401,M_401K,288.46,Payroll,401k Contribution
T0000209,2024-03-23,CHK,Transfer,RET401,M_401K,-288.46,Payroll,401k Contribution
T0000208,2024-03-23,CHK,Income,PAY,M_PAYROLL,4807.69,Direct Deposit,Paycheck
T0000817,2024-03-25,CC1,Expense,GAS,M0006,-40.48,Card,Gas
T0001336,2024-03-26,CC2,Transfer,CC_PAY,M_CC_PAY,116.92,ACH,CC Payment
T0001240,2024-03-26,CC1,Transfer,CC_PAY,M_CC_PAY,125.9,ACH,CC Payment
T0001239,2024-03-26,CHK,Transfer,CC_PAY,M_CC_PAY,-125.9,ACH,CC Payment CC1
T0001335,2024-03-26,CHK,Transfer,CC_PAY,M_CC_PAY,-116.92,ACH,CC Payment CC2
T0001083,2024-03-30,CC2,Expense,DINE,M0009,-42.62,Card,Dining
T0000818,2024-03-30,CHK,Expense,GROC,M0003,-57.11,Debit,Groceries
T0000819,2024-04-01,CC1,Expense,GAS,M0006,-60.45,Card,Gas
T0000452,2024-04-02,CHK,Expense,UTIL,M0013,-106.74,ACH,UTIL
T0000548,2024-04-02,CHK,Expense,INS,M0015,-185.0,ACH,INS
T0000404,2024-04-03,CHK,Expense,RENT,M0014,-1295.0,ACH,RENT
T0000596,2024-04-03,CC1,Expense,SUBS,M0011,-24.0,ACH,SUBS
T0000500,2024-04-04,CHK,Expense,PHON,M0012,-95.0,ACH,PHON
T0000211,2024-04-06,CHK,Income,PAY,M_PAYROLL,4807.69,Direct Deposit,Paycheck
T0000212,2024-04-06,CHK,Transfer,RET401,M_401K,-288.46,Payroll,401k Contribution
T0001084,2024-04-06,CC2,Expense,DINE,M0010,-15.0,Card,Dining
T0000213,2024-04-06,INV401,Transfer,RET401,M_401K,288.46,Payroll,401k Contribution
T0000820,2024-04-06,CHK,Expense,GROC,M0004,-39.2,Debit,Groceries
T0001085,2024-04-07,CC2,Expense,ENT,M0021,-61.83,Card,Entertainment
T0000821,2024-04-08,CC1,Expense,GAS,M0006,-33.68,Card,Gas
T0000273,2024-04-11,CHK,Income,SIDE,M_SIDE,392.22,ACH,Side Income
T0001086,2024-04-13,CC2,Expense,DINE,M0010,-26.87,Card,Dining
T0000822,2024-04-13,CHK,Expense,GROC,M0001,-23.96,Debit,Groceries
T0001087,2024-04-14,CC2,Expense,ENT,M0021,-27.11,Card,Entertainment
T0000823,2024-04-15,CC1,Expense,GAS,M0008,-86.82,Card,Gas
T0001088,2024-04-20,CC2,Expense,DINE,M0010,-45.68,Card,Dining
T0000216,2024-04-20,INV401,Transfer,RET401,M_401K,288.46,Payroll,401k Contribution
T0000824,2024-04-20,CHK,Expense,GROC,M0004,-48.59,Debit,Groceries
T0000215,2024-04-20,CHK,Transfer,RET401,M_401K,-288.46,Payroll,401k Contribution
T0000214,2024-04-20,CHK,Income,PAY,M_PAYROLL,4807.69,Direct Deposit,Paycheck
T0001089,2024-04-21,CC2,Expense,ENT,M0021,-10.0,Card,Entertainment
T0001338,2024-04-26,CC2,Transfer,CC_PAY,M_CC_PAY,174.33,ACH,CC Payment
T0001337,2024-04-26,CHK,Transfer,CC_PAY,M_CC_PAY,-174.33,ACH,CC Payment CC2
T0001242,2024-04-26,CC1,Transfer,CC_PAY,M_CC_PAY,211.83,ACH,CC Payment
T0001241,2024-04-26,CHK,Transfer,CC_PAY,M_CC_PAY,-211.83,ACH,CC Payment CC1
T0000825,2024-04-27,CHK,Expense,GROC,M0002,-40.71,Debit,Groceries
T0000826,2024-04-29,CC1,Expense,GAS,M0005,-48.61,Card,Gas
T0001182,2024-05-01,CC1,Expense,ENT,M0022,-95.4,Card,Entertainment
T0000405,2024-05-02,CHK,Expense,RENT,M0014,-1295.0,ACH,RENT
T0000597,2024-05-03,CC1,Expense,SUBS,M0011,-24.0,ACH,SUBS
T0001090,2024-05-04,CC2,Expense,DINE,M0010,-18.06,Card,Dining
T0000827,2024-05-04,CHK,Expense,GROC,M0001,-73.5,Debit,Groceries
T0000217,2024-05-04,CHK,Income,PAY,M_PAYROLL,4807.69,Direct Deposit,Paycheck
T0000218,2024-05-04,CHK,Transfer,RET401,M_401K,-288.46,Payroll,401k Contribution
T0000219,2024-05-04,INV401,Transfer,RET401,M_401K,288.46,Payroll,401k Contribution
T0000501,2024-05-04,CHK,Expense,PHON,M0012,-95.0,ACH,PHON
T0000549,2024-05-05,CHK,Expense,INS,M0015,-185.0,ACH,INS
T0000453,2024-05-05,CHK,Expense,UTIL,M0013,-77.75,ACH,UTIL
T0000828,2024-05-06,CC1,Expense,GAS,M0007,-90.12,Card,Gas
T0000829,2024-05-11,CHK,Expense,GROC,M0003,-79.87,Debit,Groceries
T0001091,2024-05-11,CC2,Expense,DINE,M0010,-17.2,Card,Dining
T0001183,2024-05-12,CC1,Expense,DINE,M0010,-162.75,Card,Dining
T0000830,2024-05-13,CC1,Expense,GAS,M0007,-35.53,Card,Gas
T0000274,2024-05-17,CHK,Income,SIDE,M_SIDE,678.85,ACH,Side Income
T0001092,2024-05-18,CC2,Expense,DINE,M0009,-21.3,Card,Dining
T0000831,2024-05-18,CHK,Expense,GROC,M0004,-89.58,Debit,Groceries
T0000222,2024-05-18,INV401,Transfer,RET401,M_401K,288.46,Payroll,401k Contribution
T0000221,2024-05-18,CHK,Transfer,RET401,M_401K,-288.46,Payroll,401k Contribution
T0000220,2024-05-18,CHK,Income,PAY,M_PAYROLL,4807.69,Direct Deposit,Paycheck
T0001093,2024-05-19,CC2,Expense,ENT,M0022,-68.55,Card,Entertainment
T0000832,2024-05-25,CHK,Expense,GROC,M0004,-95.8,Debit,Groceries
T0001244,2024-05-26,CC1,Transfer,CC_PAY,M_CC_PAY,1433.78,ACH,CC Payment
T0001340,2024-05-26,CC2,Transfer,CC_PAY,M_CC_PAY,111.39,ACH,CC Payment
T0001339,2024-05-26,CHK,Transfer,CC_PAY,M_CC_PAY,-111.39,ACH,CC Payment CC2
T0001243,2024-05-26,CHK,Transfer,CC_PAY,M_CC_PAY,-1433.78,ACH,CC Payment CC1
T0000833,2024-05-27,CC1,Expense,GAS,M0005,-89.82,Card,Gas
T0000283,2024-06-01,SAV,Income,INT,M_BANKINT,53.01,ACH,Interest
T0000834,2024-06-01,CHK,Expense,GROC,M0003,-25.43,Debit,Groceries
T0000225,2024-06-01,INV401,Transfer,RET401,M_401K,288.46,Payroll,401k Contribution
T0001094,2024-06-01,CC2,Expense,DINE,M0010,-17.12,Card,Dining
T0000223,2024-06-01,CHK,Income,PAY,M_PAYROLL,4807.69,Direct Deposit,Paycheck
T0000224,2024-06-01,CHK,Transfer,RET401,M_401K,-288.46,Payroll,401k Contribution
T0000550,2024-06-02,CHK,Expense,INS,M0015,-185.0,ACH,INS
T0000502,2024-06-02,CHK,Expense,PHON,M0012,-95.0,ACH,PHON
T0001095,2024-06-02,CC2,Expense,ENT,M0022,-40.54,Card,Entertainment
T0000406,2024-06-03,CHK,Expense,RENT,M0014,-1295.0,ACH,RENT
T0000835,2024-06-03,CC1,Expense,GAS,M0005,-72.63,Card,Gas
T0000454,2024-06-05,CHK,Expense,UTIL,M0013,-153.38,ACH,UTIL
T0000598,2024-06-05,CC1,Expense,SUBS,M0011,-24.0,ACH,SUBS
T0000836,2024-06-08,CHK,Expense,GROC,M0003,-66.23,Debit,Groceries
T0000275,2024-06-09,CHK,Income,SIDE,M_SIDE,489.09,ACH,Side Income
T0001096,2024-06-09,CC2,Expense,ENT,M0021,-30.72,Card,Entertainment
T0000837,2024-06-10,CC1,Expense,GAS,M0007,-49.68,Card,Gas
T0000226,2024-06-15,CHK,Income,PAY,M_PAYROLL,4807.69,Direct Deposit,Paycheck
T0000227,2024-06-15,CHK,Transfer,RET401,M_401K,-288.46,Payroll,401k Contribution
T0000228,2024-06-15,INV401,Transfer,RET401,M_401K,288.46,Payroll,401k Contribution
T0001097,2024-06-15,CC2,Expense,DINE,M0009,-27.29,Card,Dining
T0000838,2024-06-15,CHK,Expense,GROC,M0001,-40.5,Debit,Groceries
T0000839,2024-06-17,CC1,Expense,GAS,M0006,-103.81,Card,Gas
T0000840,2024-06-22,CHK,Expense,GROC,M0003,-103.63,Debit,Groceries
T0001098,2024-06-23,CC2,Expense,ENT,M0021,-24.53,Card,Entertainment
T0000841,2024-06-24,CC1,Expense,GAS,M0005,-37.53,Card,Gas
T0001342,2024-06-26,CC2,Transfer,CC_PAY,M_CC_PAY,159.63,ACH,CC Payment
T0001341,2024-06-26,CHK,Transfer,CC_PAY,M_CC_PAY,-159.63,ACH,CC Payment CC2
T0001245,2024-06-26,CHK,Transfer,CC_PAY,M_CC_PAY,-212.34,ACH,CC Payment CC1
T0001246,2024-06-26,CC1,Transfer,CC_PAY,M_CC_PAY,212.34,ACH,CC Payment
T0000229,2024-06-29,CHK,Income,PAY,M_PAYROLL,4807.69,Direct Deposit,Paycheck
T0000842,2024-06-29,CHK,Expense,GROC,M0003,-64.88,Debit,Groceries
T0001099,2024-06-29,CC2,Expense,DINE,M0009,-29.77,Card,Dining
T0000230,2024-06-29,CHK,Transfer,RET401,M_401K,-288.46,Payroll,401k Contribution
T0000231,2024-06-29,INV401,Transfer,RET401,M_401K,288.46,Payroll,401k Contribution
T0000843,2024-07-01,CC1,Expense,GAS,M0005,-38.57,Card,Gas
T0000455,2024-07-02,CHK,Expense,UTIL,M0013,-194.23,ACH,UTIL
T0000503,2024-07-03,CHK,Expense,PHON,M0012,-95.0,ACH,PHON
T0000599,2024-07-03,CC1,Expense,SUBS,M0011,-24.0,ACH,SUBS
T0000551,2024-07-05,CHK,Expense,INS,M0015,-185.0,ACH,INS
T0000407,2024-07-05,CHK,Expense,RENT,M0014,-1295.0,ACH,RENT
T0000844,2024-07-06,CHK,Expense,GROC,M0002,-57.74,Debit,Groceries
T0000232,2024-07-13,CHK,Income,PAY,M_PAYROLL,4807.69,Direct Deposit,Paycheck
T0000234,2024-07-13,INV401,Transfer,RET401,M_401K,288.46,Payroll,401k Contribution
T0000276,2024-07-13,CHK,Income,SIDE,M_SIDE,316.67,ACH,Side Income
T0000233,2024-07-13,CHK,Transfer,RET401,M_401K,-288.46,Payroll,401k Contribution
T0000845,2024-07-13,CHK,Expense,GROC,M0001,-96.62,Debit,Groceries
T0001100,2024-07-14,CC2,Expense,ENT,M0022,-76.16,Card,Entertainment
T0000846,2024-07-15,CC1,Expense,GAS,M0006,-32.64,Card,Gas
T0000847,2024-07-20,CHK,Expense,GROC,M0004,-36.26,Debit,Groceries
T0001101,2024-07-20,CC2,Expense,DINE,M0009,-76.19,Card,Dining
T0001102,2024-07-21,CC2,Expense,ENT,M0021,-47.11,Card,Entertainment
T0000848,2024-07-22,CC1,Expense,GAS,M0008,-15.0,Card,Gas
T0001248,2024-07-26,CC1,Transfer,CC_PAY,M_CC_PAY,139.1,ACH,CC Payment
T0001343,2024-07-26,CHK,Transfer,CC_PAY,M_CC_PAY,-166.27,ACH,CC Payment CC2
T0001344,2024-07-26,CC2,Transfer,CC_PAY,M_CC_PAY,166.27,ACH,CC Payment
T0001247,2024-07-26,CHK,Transfer,CC_PAY,M_CC_PAY,-139.1,ACH,CC Payment CC1
T0000235,2024-07-27,CHK,Income,PAY,M_PAYROLL,4807.69,Direct Deposit,Paycheck
T0000237,2024-07-27,INV401,Transfer,RET401,M_401K,288.46,Payroll,401k Contribution
T0000236,2024-07-27,CHK,Transfer,RET401,M_401K,-288.46,Payroll,401k Contribution
T0000849,2024-07-27,CHK,Expense,GROC,M0001,-93.75,Debit,Groceries
T0001103,2024-07-28,CC2,Expense,ENT,M0022,-33.62,Card,Entertainment
T0000850,2024-07-29,CC1,Expense,GAS,M0007,-64.63,Card,Gas
T0000552,2024-08-02,CHK,Expense,INS,M0015,-185.0,ACH,INS
T0000600,2024-08-02,CC1,Expense,SUBS,M0011,-24.0,ACH,SUBS
T0000504,2024-08-02,CHK,Expense,PHON,M0012,-95.0,ACH,PHON
T0000851,2024-08-03,CHK,Expense,GROC,M0004,-121.71,Debit,Groceries
T0001104,2024-08-03,CC2,Expense,DINE,M0010,-15.0,Card,Dining
T0000456,2024-08-03,CHK,Expense,UTIL,M0013,-106.48,ACH,UTIL
T0001105,2024-08-04,CC2,Expense,ENT,M0022,-27.26,Card,Entertainment
T0000408,2024-08-05,CHK,Expense,RENT,M0014,-1295.0,ACH,RENT
T0000852,2024-08-05,CC1,Expense,GAS,M0005,-31.98,Card,Gas
T0001106,2024-08-10,CC2,Expense,DINE,M0009,-33.62,Card,Dining
T0000239,2024-08-10,CHK,Transfer,RET401,M_401K,-288.46,Payroll,401k Contribution
T0000240,2024-08-10,INV401,Transfer,RET401,M_401K,288.46,Payroll,401k Contribution
T0000853,2024-08-10,CHK,Expense,GROC,M0003,-96.73,Debit,Groceries
T0000238,2024-08-10,CHK,Income,PAY,M_PAYROLL,4807.69,Direct Deposit,Paycheck
T0001107,2024-08-11,CC2,Expense,ENT,M0021,-43.14,Card,Entertainment
T0000277,2024-08-13,CHK,Income,SIDE,M_SIDE,493.76,ACH,Side Income
T0000854,2024-08-17,CHK,Expense,GROC,M0003,-56.34,Debit,Groceries
T0001108,2024-08-17,CC2,Expense,DINE,M0009,-16.72,Card,Dining
T0001109,2024-08-18,CC2,Expense,ENT,M0021,-37.91,Card,Entertainment
T0000855,2024-08-19,CC1,Expense,GAS,M0008,-52.81,Card,Gas
T0001110,2024-08-24,CC2,Expense,DINE,M0010,-25.65,Card,Dining
T0000243,2024-08-24,INV401,Transfer,RET401,M_401K,288.46,Payroll,401k Contribution
T0000242,2024-08-24,CHK,Transfer,RET401,M_401K,-288.46,Payroll,401k Contribution
T0000241,2024-08-24,CHK,Income,PAY,M_PAYROLL,4807.69,Direct Deposit,Paycheck
T0000856,2024-08-24,CHK,Expense,GROC,M0002,-34.96,Debit,Groceries
T0001250,2024-08-26,CC1,Transfer,CC_PAY,M_CC_PAY,76.15,ACH,CC Payment
T0001345,2024-08-26,CHK,Transfer,CC_PAY,M_CC_PAY,-260.82,ACH,CC Payment CC2
T0001346,2024-08-26,CC2,Transfer,CC_PAY,M_CC_PAY,260.82,ACH,CC Payment
T0001249,2024-08-26,CHK,Transfer,CC_PAY,M_CC_PAY,-76.15,ACH,CC Payment CC1
T0001111,2024-08-31,CC2,Expense,DINE,M0010,-69.52,Card,Dining
T0000857,2024-08-31,CHK,Expense,GROC,M0004,-20.0,Debit,Groceries
T0000284,2024-09-01,SAV,Income,INT,M_BANKINT,56.82,ACH,Interest
T0000601,2024-09-02,CC1,Expense,SUBS,M0011,-24.0,ACH,SUBS
T0000553,2024-09-03,CHK,Expense,INS,M0015,-185.0,ACH,INS
T0000505,2024-09-03,CHK,Expense,PHON,M0012,-95.0,ACH,PHON
T0000457,2024-09-04,CHK,Expense,UTIL,M0013,-120.27,ACH,UTIL
T0000409,2024-09-05,CHK,Expense,RENT,M0014,-1295.0,ACH,RENT
T0000858,2024-09-07,CHK,Expense,GROC,M0004,-68.26,Debit,Groceries
T0000246,2024-09-07,INV401,Transfer,RET401,M_401K,288.46,Payroll,401k Contribution
T0001112,2024-09-07,CC2,Expense,DINE,M0009,-61.1,Card,Dining
T0000245,2024-09-07,CHK,Transfer,RET401,M_401K,-288.46,Payroll,401k Contribution
T0000244,2024-09-07,CHK,Income,PAY,M_PAYROLL,4807.69,Direct Deposit,Paycheck
T0000859,2024-09-09,CC1,Expense,GAS,M0007,-58.32,Card,Gas
T0001181,2024-09-12,CC1,Expense,DINE,M0009,-178.3,Card,Dining
T0001113,2024-09-14,CC2,Expense,DINE,M0010,-15.0,Card,Dining
T0000860,2024-09-14,CHK,Expense,GROC,M0004,-81.79,Debit,Groceries
T0000278,2024-09-15,CHK,Income,SIDE,M_SIDE,660.82,ACH,Side Income
T0001114,2024-09-21,CC2,Expense,DINE,M0010,-29.76,Card,Dining
T0000248,2024-09-21,CHK,Transfer,RET401,M_401K,-288.46,Payroll,401k Contribution
T0000247,2024-09-21,CHK,Income,PAY,M_PAYROLL,4807.69,Direct Deposit,Paycheck
T0000861,2024-09-21,CHK,Expense,GROC,M0001,-103.42,Debit,Groceries
T0000249,2024-09-21,INV401,Transfer,RET401,M_401K,288.46,Payroll,401k Contribution
T0001115,2024-09-22,CC2,Expense,ENT,M0021,-24.7,Card,Entertainment
T0000862,2024-09-23,CC1,Expense,GAS,M0008,-55.0,Card,Gas
T0001252,2024-09-26,CC1,Transfer,CC_PAY,M_CC_PAY,1038.66,ACH,CC Payment
T0001348,2024-09-26,CC2,Transfer,CC_PAY,M_CC_PAY,118.58,ACH,CC Payment
T0001251,2024-09-26,CHK,Transfer,CC_PAY,M_CC_PAY,-1038.66,ACH,CC Payment CC1
T0001347,2024-09-26,CHK,Transfer,CC_PAY,M_CC_PAY,-118.58,ACH,CC Payment CC2
T0000863,2024-09-28,CHK,Expense,GROC,M0003,-57.14,Debit,Groceries
T0001116,2024-09-28,CC2,Expense,DINE,M0009,-15.0,Card,Dining
T0000864,2024-09-30,CC1,Expense,GAS,M0008,-59.42,Card,Gas
T0000506,2024-10-02,CHK,Expense,PHON,M0012,-95.0,ACH,PHON
T0000602,2024-10-02,CC1,Expense,SUBS,M0011,-24.0,ACH,SUBS
T0000410,2024-10-03,CHK,Expense,RENT,M0014,-1295.0,ACH,RENT
T0000554,2024-10-04,CHK,Expense,INS,M0015,-185.0,ACH,INS
T0000250,2024-10-05,CHK,Income,PAY,M_PAYROLL,4807.69,Direct Deposit,Paycheck
T0000252,2024-10-05,INV401,Transfer,RET401,M_401K,288.46,Payroll,401k Contribution
T0000279,2024-10-05,CHK,Income,SIDE,M_SIDE,759.73,ACH,Side Income
T0000458,2024-10-05,CHK,Expense,UTIL,M0013,-165.18,ACH,UTIL
T0000865,2024-10-05,CHK,Expense,GROC,M0003,-52.2,Debit,Groceries
T0001117,2024-10-05,CC2,Expense,DINE,M0009,-23.48,Card,Dining
T0000251,2024-10-05,CHK,Transfer,RET401,M_401K,-288.46,Payroll,401k Contribution
T0000866,2024-10-07,CC1,Expense,GAS,M0008,-70.85,Card,Gas
T0001118,2024-10-12,CC2,Expense,DINE,M0010,-15.0,Card,Dining
T0000867,2024-10-12,CHK,Expense,GROC,M0004,-83.73,Debit,Groceries
T0001119,2024-10-13,CC2,Expense,ENT,M0021,-34.76,Card,Entertainment
T0000868,2024-10-14,CC1,Expense,GAS,M0006,-95.8,Card,Gas
T0000869,2024-10-19,CHK,Expense,GROC,M0001,-132.73,Debit,Groceries
T0000254,2024-10-19,CHK,Transfer,RET401,M_401K,-288.46,Payroll,401k Contribution
T0000255,2024-10-19,INV401,Transfer,RET401,M_401K,288.46,Payroll,401k Contribution
T0000253,2024-10-19,CHK,Income,PAY,M_PAYROLL,4807.69,Direct Deposit,Paycheck
T0000870,2024-10-21,CC1,Expense,GAS,M0005,-61.04,Card,Gas
T0001253,2024-10-26,CHK,Transfer,CC_PAY,M_CC_PAY,-225.11,ACH,CC Payment CC1
T0001254,2024-10-26,CC1,Transfer,CC_PAY,M_CC_PAY,225.11,ACH,CC Payment
T0001350,2024-10-26,CC2,Transfer,CC_PAY,M_CC_PAY,71.62,ACH,CC Payment
T0000871,2024-10-26,CHK,Expense,GROC,M0004,-137.72,Debit,Groceries
T0001349,2024-10-26,CHK,Transfer,CC_PAY,M_CC_PAY,-71.62,ACH,CC Payment CC2
T0000872,2024-11-02,CHK,Expense,GROC,M0003,-45.35,Debit,Groceries
T0000257,2024-11-02,CHK,Transfer,RET401,M_401K,-288.46,Payroll,401k Contribution
T0000256,2024-11-02,CHK,Income,PAY,M_PAYROLL,4807.69,Direct Deposit,Paycheck
T0001120,2024-11-02,CC2,Expense,DINE,M0010,-51.25,Card,Dining
T0000411,2024-11-02,CHK,Expense,RENT,M0014,-1295.0,ACH,RENT
T0000258,2024-11-02,INV401,Transfer,RET401,M_401K,288.46,Payroll,401k Contribution
T0001121,2024-11-03,CC2,Expense,ENT,M0022,-59.77,Card,Entertainment
T0000507,2024-11-04,CHK,Expense,PHON,M0012,-95.0,ACH,PHON
T0000555,2024-11-04,CHK,Expense,INS,M0015,-185.0,ACH,INS
T0000459,2024-11-04,CHK,Expense,UTIL,M0013,-117.71,ACH,UTIL
T0000603,2024-11-05,CC1,Expense,SUBS,M0011,-24.0,ACH,SUBS
T0000873,2024-11-09,CHK,Expense,GROC,M0004,-69.8,Debit,Groceries
T0001122,2024-11-09,CC2,Expense,DINE,M0010,-20.41,Card,Dining
T0000874,2024-11-16,CHK,Expense,GROC,M0002,-69.69,Debit,Groceries
T0001123,2024-11-16,CC2,Expense,DINE,M0010,-48.56,Card,Dining
T0000259,2024-11-16,CHK,Income,PAY,M_PAYROLL,4807.69,Direct Deposit,Paycheck
T0000260,2024-11-16,CHK,Transfer,RET401,M_401K,-288.46,Payroll,401k Contribution
T0000261,2024-11-16,INV401,Transfer,RET401,M_401K,288.46,Payroll,401k Contribution
T0000280,2024-11-21,CHK,Income,SIDE,M_SIDE,368.91,ACH,Side Income
T0000875,2024-11-23,CHK,Expense,GROC,M0004,-93.62,Debit,Groceries
T0001124,2024-11-23,CC2,Expense,DINE,M0010,-70.74,Card,Dining
T0001125,2024-11-24,CC2,Expense,ENT,M0021,-33.01,Card,Entertainment
T0000876,2024-11-25,CC1,Expense,GAS,M0005,-46.18,Card,Gas
T0001255,2024-11-26,CHK,Transfer,CC_PAY,M_CC_PAY,-59.26,ACH,CC Payment CC1
T0001256,2024-11-26,CC1,Transfer,CC_PAY,M_CC_PAY,59.26,ACH,CC Payment
T0001352,2024-11-26,CC2,Transfer,CC_PAY,M_CC_PAY,287.98,ACH,CC Payment
T0001351,2024-11-26,CHK,Transfer,CC_PAY,M_CC_PAY,-287.98,ACH,CC Payment CC2
T0001126,2024-11-30,CC2,Expense,DINE,M0009,-44.12,Card,Dining
T0000262,2024-11-30,CHK,Income,PAY,M_PAYROLL,4807.69,Direct Deposit,Paycheck
T0000264,2024-11-30,INV401,Transfer,RET401,M_401K,288.46,Payroll,401k Contribution
T0000263,2024-11-30,CHK,Transfer,RET401,M_401K,-288.46,Payroll,401k Contribution
T0000877,2024-11-30,CHK,Expense,GROC,M0002,-44.95,Debit,Groceries
T0000285,2024-12-01,SAV,Income,INT,M_BANKINT,24.94,ACH,Interest
T0000878,2024-12-02,CC1,Expense,GAS,M0006,-37.12,Card,Gas
T0000460,2024-12-02,CHK,Expense,UTIL,M0013,-173.33,ACH,UTIL
T0000412,2024-12-03,CHK,Expense,RENT,M0014,-1295.0,ACH,RENT
T0000508,2024-12-03,CHK,Expense,PHON,M0012,-95.0,ACH,PHON
T0000556,2024-12-04,CHK,Expense,INS,M0015,-185.0,ACH,INS
T0000604,2024-12-05,CC1,Expense,SUBS,M0011,-24.0,ACH,SUBS
T0000879,2024-12-07,CHK,Expense,GROC,M0003,-70.48,Debit,Groceries
T0000880,2024-12-09,CC1,Expense,GAS,M0006,-62.32,Card,Gas
T0000265,2024-12-14,CHK,Income,PAY,M_PAYROLL,4807.69,Direct Deposit,Paycheck
T0000881,2024-12-14,CHK,Expense,GROC,M0003,-87.62,Debit,Groceries
T0000267,2024-12-14,INV401,Transfer,RET401,M_401K,288.46,Payroll,401k Contribution
T0000266,2024-12-14,CHK,Transfer,RET401,M_401K,-288.46,Payroll,401k Contribution
T0001127,2024-12-15,CC2,Expense,ENT,M0021,-47.99,Card,Entertainment
T0000882,2024-12-16,CC1,Expense,GAS,M0006,-56.18,Card,Gas
T0000883,2024-12-21,CHK,Expense,GROC,M0001,-71.82,Debit,Groceries
T0001128,2024-12-21,CC2,Expense,DINE,M0010,-46.94,Card,Dining
T0000884,2024-12-23,CC1,Expense,GAS,M0006,-70.18,Card,Gas
T0000281,2024-12-23,CHK,Income,SIDE,M_SIDE,373.99,ACH,Side Income
T0001257,2024-12-26,CHK,Transfer,CC_PAY,M_CC_PAY,-302.88,ACH,CC Payment CC1
T0001258,2024-12-26,CC1,Transfer,CC_PAY,M_CC_PAY,302.88,ACH,CC Payment
T0001353,2024-12-26,CHK,Transfer,CC_PAY,M_CC_PAY,-162.43,ACH,CC Payment CC2
T0001354,2024-12-26,CC2,Transfer,CC_PAY,M_CC_PAY,162.43,ACH,CC Payment
T0000270,2024-12-28,INV401,Transfer,RET401,M_401K,288.46,Payroll,401k Contribution
T0000269,2024-12-28,CHK,Transfer,RET401,M_401K,-288.46,Payroll,401k Contribution
T0000268,2024-12-28,CHK,Income,PAY,M_PAYROLL,4807.69,Direct Deposit,Paycheck
T0000885,2024-12-28,CHK,Expense,GROC,M0001,-47.89,Debit,Groceries
T0001129,2024-12-28,CC2,Expense,DINE,M0010,-56.21,Card,Dining
T0001130,2024-12-29,CC2,Expense,ENT,M0022,-36.81,Card,Entertainment
T0000886,2024-12-30,CC1,Expense,GAS,M0007,-55.68,Card,Gas
T0000509,2025-01-02,CHK,Expense,PHON,M0012,-95.0,ACH,PHON
T0000557,2025-01-02,CHK,Expense,INS,M0015,-195.0,ACH,INS
T0000461,2025-01-02,CHK,Expense,UTIL,M0013,-119.78,ACH,UTIL
T0000605,2025-01-03,CC1,Expense,SUBS,M0011,-26.0,ACH,SUBS
T0001131,2025-01-04,CC2,Expense,DINE,M0010,-56.78,Card,Dining
T0000887,2025-01-04,CHK,Expense,GROC,M0004,-56.28,Debit,Groceries
T0000413,2025-01-05,CHK,Expense,RENT,M0014,-1350.0,ACH,RENT
T0000888,2025-01-06,CC1,Expense,GAS,M0005,-41.46,Card,Gas
T0000288,2025-01-11,INV401,Transfer,RET401,M_401K,300.0,Payroll,401k Contribution
T0000889,2025-01-11,CHK,Expense,GROC,M0004,-79.01,Debit,Groceries
T0000286,2025-01-11,CHK,Income,PAY,M_PAYROLL,5000.0,Direct Deposit,Paycheck
T0000287,2025-01-11,CHK,Transfer,RET401,M_401K,-300.0,Payroll,401k Contribution
T0001132,2025-01-12,CC2,Expense,ENT,M0022,-48.85,Card,Entertainment
T0000890,2025-01-13,CC1,Expense,GAS,M0008,-77.84,Card,Gas
T0000891,2025-01-18,CHK,Expense,GROC,M0001,-55.46,Debit,Groceries
T0001133,2025-01-19,CC2,Expense,ENT,M0021,-16.49,Card,Entertainment
T0000892,2025-01-20,CC1,Expense,GAS,M0007,-40.38,Card,Gas
T0000290,2025-01-25,CHK,Transfer,RET401,M_401K,-300.0,Payroll,401k Contribution
T0000893,2025-01-25,CHK,Expense,GROC,M0001,-24.79,Debit,Groceries
T0000291,2025-01-25,INV401,Transfer,RET401,M_401K,300.0,Payroll,401k Contribution
T0000289,2025-01-25,CHK,Income,PAY,M_PAYROLL,5000.0,Direct Deposit,Paycheck
T0001355,2025-01-26,CHK,Transfer,CC_PAY,M_CC_PAY,-115.46,ACH,CC Payment CC2
T0001356,2025-01-26,CC2,Transfer,CC_PAY,M_CC_PAY,115.46,ACH,CC Payment
T0001259,2025-01-26,CHK,Transfer,CC_PAY,M_CC_PAY,-173.52,ACH,CC Payment CC1
T0001260,2025-01-26,CC1,Transfer,CC_PAY,M_CC_PAY,173.52,ACH,CC Payment
T0001134,2025-02-01,CC2,Expense,DINE,M0010,-22.35,Card,Dining
T0000894,2025-02-01,CHK,Expense,GROC,M0001,-101.48,Debit,Groceries
T0000462,2025-02-02,CHK,Expense,UTIL,M0013,-111.14,ACH,UTIL
T0000510,2025-02-02,CHK,Expense,PHON,M0012,-95.0,ACH,PHON
T0000895,2025-02-03,CC1,Expense,GAS,M0008,-28.25,Card,Gas
T0000414,2025-02-03,CHK,Expense,RENT,M0014,-1350.0,ACH,RENT
T0000558,2025-02-04,CHK,Expense,INS,M0015,-195.0,ACH,INS
T0000606,2025-02-05,CC1,Expense,SUBS,M0011,-26.0,ACH,SUBS
T0001135,2025-02-08,CC2,Expense,DINE,M0010,-69.76,Card,Dining
T0000896,2025-02-08,CHK,Expense,GROC,M0004,-55.94,Debit,Groceries
T0000294,2025-02-08,INV401,Transfer,RET401,M_401K,300.0,Payroll,401k Contribution
T0000293,2025-02-08,CHK,Transfer,RET401,M_401K,-300.0,Payroll,401k Contribution
T0000292,2025-02-08,CHK,Income,PAY,M_PAYROLL,5000.0,Direct Deposit,Paycheck
T0000364,2025-02-15,CHK,Income,BONUS,M_PAYROLL,7096.76,Direct Deposit,Annual Bonus
T0000897,2025-02-15,CHK,Expense,GROC,M0004,-82.96,Debit,Groceries
T0001136,2025-02-16,CC2,Expense,ENT,M0022,-58.44,Card,Entertainment
T0000898,2025-02-17,CC1,Expense,GAS,M0007,-44.79,Card,Gas
T0000899,2025-02-22,CHK,Expense,GROC,M0003,-101.4,Debit,Groceries
T0001137,2025-02-22,CC2,Expense,DINE,M0009,-60.54,Card,Dining
T0000295,2025-02-22,CHK,Income,PAY,M_PAYROLL,5000.0,Direct Deposit,Paycheck
T0000296,2025-02-22,CHK,Transfer,RET401,M_401K,-300.0,Payroll,401k Contribution
T0000297,2025-02-22,INV401,Transfer,RET401,M_401K,300.0,Payroll,401k Contribution
T0001138,2025-02-23,CC2,Expense,ENT,M0021,-17.65,Card,Entertainment
T0000365,2025-02-24,CHK,Income,SIDE,M_SIDE,388.4,ACH,Side Income
T0001261,2025-02-26,CHK,Transfer,CC_PAY,M_CC_PAY,-82.82,ACH,CC Payment CC1
T0001262,2025-02-26,CC1,Transfer,CC_PAY,M_CC_PAY,82.82,ACH,CC Payment
T0001358,2025-02-26,CC2,Transfer,CC_PAY,M_CC_PAY,203.04,ACH,CC Payment
T0001357,2025-02-26,CHK,Transfer,CC_PAY,M_CC_PAY,-203.04,ACH,CC Payment CC2
T0001139,2025-03-01,CC2,Expense,DINE,M0009,-15.0,Card,Dining
T0000373,2025-03-01,SAV,Income,INT,M_BANKINT,25.0,ACH,Interest
T0000900,2025-03-01,CHK,Expense,GROC,M0001,-107.41,Debit,Groceries
T0000511,2025-03-02,CHK,Expense,PHON,M0012,-95.0,ACH,PHON
T0000901,2025-03-03,CC1,Expense,GAS,M0008,-62.09,Card,Gas
T0000463,2025-03-03,CHK,Expense,UTIL,M0013,-101.51,ACH,UTIL
T0000559,2025-03-04,CHK,Expense,INS,M0015,-195.0,ACH,INS
T0000415,2025-03-04,CHK,Expense,RENT,M0014,-1350.0,ACH,RENT
T0000607,2025-03-04,CC1,Expense,SUBS,M0011,-26.0,ACH,SUBS
T0000902,2025-03-08,CHK,Expense,GROC,M0003,-90.43,Debit,Groceries
T0000298,2025-03-08,CHK,Income,PAY,M_PAYROLL,5000.0,Direct Deposit,Paycheck
T0001140,2025-03-08,CC2,Expense,DINE,M0009,-23.2,Card,Dining
T0000299,2025-03-08,CHK,Transfer,RET401,M_401K,-300.0,Payroll,401k Contribution
T0000300,2025-03-08,INV401,Transfer,RET401,M_401K,300.0,Payroll,401k Contribution
T0000903,2025-03-10,CC1,Expense,GAS,M0008,-33.83,Card,Gas
T0001141,2025-03-15,CC2,Expense,DINE,M0009,-23.99,Card,Dining
T0000904,2025-03-15,CHK,Expense,GROC,M0001,-76.31,Debit,Groceries
T0000905,2025-03-17,CC1,Expense,GAS,M0007,-53.77,Card,Gas
T0001142,2025-03-22,CC2,Expense,DINE,M0010,-52.15,Card,Dining
T0000906,2025-03-22,CHK,Expense,GROC,M0001,-77.4,Debit,Groceries
T0000302,2025-03-22,CHK,Transfer,RET401,M_401K,-300.0,Payroll,401k Contribution
T0000301,2025-03-22,CHK,Income,PAY,M_PAYROLL,5000.0,Direct Deposit,Paycheck
T0000303,2025-03-22,INV401,Transfer,RET401,M_401K,300.0,Payroll,401k Contribution
T0000366,2025-03-24,CHK,Income,SIDE,M_SIDE,675.2,ACH,Side Income
T0000907,2025-03-24,CC1,Expense,GAS,M0007,-37.98,Card,Gas
T0001264,2025-03-26,CC1,Transfer,CC_PAY,M_CC_PAY,263.08,ACH,CC Payment
T0001359,2025-03-26,CHK,Transfer,CC_PAY,M_CC_PAY,-170.3,ACH,CC Payment CC2
T0001360,2025-03-26,CC2,Transfer,CC_PAY,M_CC_PAY,170.3,ACH,CC Payment
T0001263,2025-03-26,CHK,Transfer,CC_PAY,M_CC_PAY,-263.08,ACH,CC Payment CC1
T0001143,2025-03-29,CC2,Expense,DINE,M0010,-74.39,Card,Dining
T0000908,2025-03-29,CHK,Expense,GROC,M0003,-71.96,Debit,Groceries
T0000909,2025-03-31,CC1,Expense,GAS,M0005,-63.75,Card,Gas
T0000560,2025-04-02,CHK,Expense,INS,M0015,-195.0,ACH,INS
T0000416,2025-04-02,CHK,Expense,RENT,M0014,-1350.0,ACH,RENT
T0000608,2025-04-03,CC1,Expense,SUBS,M0011,-26.0,ACH,SUBS
T0000464,2025-04-05,CHK,Expense,UTIL,M0013,-224.45,ACH,UTIL
T0000512,2025-04-05,CHK,Expense,PHON,M0012,-95.0,ACH,PHON
T0000305,2025-04-05,CHK,Transfer,RET401,M_401K,-300.0,Payroll,401k Contribution
T0000306,2025-04-05,INV401,Transfer,RET401,M_401K,300.0,Payroll,401k Contribution
T0000304,2025-04-05,CHK,Income,PAY,M_PAYROLL,5000.0,Direct Deposit,Paycheck
T0000910,2025-04-05,CHK,Expense,GROC,M0004,-101.17,Debit,Groceries
T0001144,2025-04-06,CC2,Expense,ENT,M0022,-37.8,Card,Entertainment
T0000911,2025-04-07,CC1,Expense,GAS,M0008,-38.57,Card,Gas
T0000912,2025-04-12,CHK,Expense,GROC,M0003,-33.98,Debit,Groceries
T0001145,2025-04-12,CC2,Expense,DINE,M0009,-30.51,Card,Dining
T0001146,2025-04-13,CC2,Expense,ENT,M0022,-40.93,Card,Entertainment
T0000367,2025-04-13,CHK,Income,SIDE,M_SIDE,757.21,ACH,Side Income
T0000913,2025-04-19,CHK,Expense,GROC,M0003,-88.41,Debit,Groceries
T0000307,2025-04-19,CHK,Income,PAY,M_PAYROLL,5000.0,Direct Deposit,Paycheck
T0000309,2025-04-19,INV401,Transfer,RET401,M_401K,300.0,Payroll,401k Contribution
T0000308,2025-04-19,CHK,Transfer,RET401,M_401K,-300.0,Payroll,401k Contribution
T0001147,2025-04-20,CC2,Expense,ENT,M0021,-49.19,Card,Entertainment
T0000914,2025-04-21,CC1,Expense,GAS,M0005,-34.69,Card,Gas
T0001266,2025-04-26,CC1,Transfer,CC_PAY,M_CC_PAY,131.94,ACH,CC Payment
T0001148,2025-04-26,CC2,Expense,DINE,M0010,-50.17,Card,Dining
T0000915,2025-04-26,CHK,Expense,GROC,M0004,-65.68,Debit,Groceries
T0001362,2025-04-26,CC2,Transfer,CC_PAY,M_CC_PAY,188.85,ACH,CC Payment
T0001361,2025-04-26,CHK,Transfer,CC_PAY,M_CC_PAY,-188.85,ACH,CC Payment CC2
T0001265,2025-04-26,CHK,Transfer,CC_PAY,M_CC_PAY,-131.94,ACH,CC Payment CC1
T0001149,2025-04-27,CC2,Expense,ENT,M0022,-44.12,Card,Entertainment
T0000916,2025-04-28,CC1,Expense,GAS,M0007,-65.07,Card,Gas
T0000609,2025-05-02,CC1,Expense,SUBS,M0011,-26.0,ACH,SUBS
T0000465,2025-05-03,CHK,Expense,UTIL,M0013,-137.19,ACH,UTIL
T0000917,2025-05-03,CHK,Expense,GROC,M0003,-60.17,Debit,Groceries
T0000513,2025-05-03,CHK,Expense,PHON,M0012,-95.0,ACH,PHON
T0000417,2025-05-03,CHK,Expense,RENT,M0014,-1350.0,ACH,RENT
T0000312,2025-05-03,INV401,Transfer,RET401,M_401K,300.0,Payroll,401k Contribution
T0000311,2025-05-03,CHK,Transfer,RET401,M_401K,-300.0,Payroll,401k Contribution
T0000310,2025-05-03,CHK,Income,PAY,M_PAYROLL,5000.0,Direct Deposit,Paycheck
T0000561,2025-05-03,CHK,Expense,INS,M0015,-195.0,ACH,INS
T0001150,2025-05-03,CC2,Expense,DINE,M0009,-26.26,Card,Dining
T0001186,2025-05-04,CC1,Expense,ENT,M0022,-220.0,Card,Entertainment
T0000918,2025-05-10,CHK,Expense,GROC,M0001,-29.54,Debit,Groceries
T0001151,2025-05-10,CC2,Expense,DINE,M0009,-15.0,Card,Dining
T0001152,2025-05-11,CC2,Expense,ENT,M0021,-55.51,Card,Entertainment
T0000919,2025-05-12,CC1,Expense,GAS,M0007,-87.35,Card,Gas
T0000313,2025-05-17,CHK,Income,PAY,M_PAYROLL,5000.0,Direct Deposit,Paycheck
T0000314,2025-05-17,CHK,Transfer,RET401,M_401K,-300.0,Payroll,401k Contribution
T0000315,2025-05-17,INV401,Transfer,RET401,M_401K,300.0,Payroll,401k Contribution
T0000920,2025-05-17,CHK,Expense,GROC,M0003,-20.3,Debit,Groceries
T0000921,2025-05-19,CC1,Expense,GAS,M0007,-59.38,Card,Gas
T0000368,2025-05-21,CHK,Income,SIDE,M_SIDE,333.8,ACH,Side Income
T0001184,2025-05-23,CC1,Expense,DINE,M0009,-88.6,Card,Dining
T0000922,2025-05-24,CHK,Expense,GROC,M0004,-65.64,Debit,Groceries
T0001267,2025-05-26,CHK,Transfer,CC_PAY,M_CC_PAY,-1671.55,ACH,CC Payment CC1
T0001268,2025-05-26,CC1,Transfer,CC_PAY,M_CC_PAY,1671.55,ACH,CC Payment
T0001364,2025-05-26,CC2,Transfer,CC_PAY,M_CC_PAY,85.29,ACH,CC Payment
T0001363,2025-05-26,CHK,Transfer,CC_PAY,M_CC_PAY,-85.29,ACH,CC Payment CC2
T0000318,2025-05-31,INV401,Transfer,RET401,M_401K,300.0,Payroll,401k Contribution
T0000317,2025-05-31,CHK,Transfer,RET401,M_401K,-300.0,Payroll,401k Contribution
T0000923,2025-05-31,CHK,Expense,GROC,M0001,-73.47,Debit,Groceries
T0000316,2025-05-31,CHK,Income,PAY,M_PAYROLL,5000.0,Direct Deposit,Paycheck
T0001153,2025-06-01,CC2,Expense,ENT,M0021,-42.4,Card,Entertainment
T0000374,2025-06-01,SAV,Income,INT,M_BANKINT,21.32,ACH,Interest
T0000514,2025-06-02,CHK,Expense,PHON,M0012,-95.0,ACH,PHON
T0000418,2025-06-02,CHK,Expense,RENT,M0014,-1350.0,ACH,RENT
T0000924,2025-06-02,CC1,Expense,GAS,M0005,-53.36,Card,Gas
T0000610,2025-06-02,CC1,Expense,SUBS,M0011,-26.0,ACH,SUBS
T0000466,2025-06-03,CHK,Expense,UTIL,M0013,-148.76,ACH,UTIL
T0000562,2025-06-05,CHK,Expense,INS,M0015,-195.0,ACH,INS
T0001154,2025-06-07,CC2,Expense,DINE,M0010,-58.8,Card,Dining
T0000925,2025-06-07,CHK,Expense,GROC,M0003,-28.06,Debit,Groceries
T0000321,2025-06-14,INV401,Transfer,RET401,M_401K,300.0,Payroll,401k Contribution
T0000319,2025-06-14,CHK,Income,PAY,M_PAYROLL,5000.0,Direct Deposit,Paycheck
T0000926,2025-06-14,CHK,Expense,GROC,M0001,-53.62,Debit,Groceries
T0000320,2025-06-14,CHK,Transfer,RET401,M_401K,-300.0,Payroll,401k Contribution
T0000369,2025-06-20,CHK,Income,SIDE,M_SIDE,316.28,ACH,Side Income
T0000927,2025-06-21,CHK,Expense,GROC,M0004,-80.67,Debit,Groceries
T0001155,2025-06-21,CC2,Expense,DINE,M0010,-15.0,Card,Dining
T0001156,2025-06-22,CC2,Expense,ENT,M0021,-17.79,Card,Entertainment
T0001269,2025-06-26,CHK,Transfer,CC_PAY,M_CC_PAY,-65.98,ACH,CC Payment CC1
T0001270,2025-06-26,CC1,Transfer,CC_PAY,M_CC_PAY,65.98,ACH,CC Payment
T0001366,2025-06-26,CC2,Transfer,CC_PAY,M_CC_PAY,108.12,ACH,CC Payment
T0001365,2025-06-26,CHK,Transfer,CC_PAY,M_CC_PAY,-108.12,ACH,CC Payment CC2
T0000928,2025-06-28,CHK,Expense,GROC,M0004,-97.42,Debit,Groceries
T0000322,2025-06-28,CHK,Income,PAY,M_PAYROLL,5000.0,Direct Deposit,Paycheck
T0000323,2025-06-28,CHK,Transfer,RET401,M_401K,-300.0,Payroll,401k Contribution
T0000324,2025-06-28,INV401,Transfer,RET401,M_401K,300.0,Payroll,401k Contribution
T0000611,2025-07-02,CC1,Expense,SUBS,M0011,-26.0,ACH,SUBS
T0000515,2025-07-03,CHK,Expense,PHON,M0012,-95.0,ACH,PHON
T0000563,2025-07-03,CHK,Expense,INS,M0015,-195.0,ACH,INS
T0000929,2025-07-05,CHK,Expense,GROC,M0002,-98.1,Debit,Groceries
T0000467,2025-07-05,CHK,Expense,UTIL,M0013,-156.4,ACH,UTIL
T0000419,2025-07-05,CHK,Expense,RENT,M0014,-1350.0,ACH,RENT
T0001157,2025-07-06,CC2,Expense,ENT,M0021,-55.16,Card,Entertainment
T0000930,2025-07-07,CC1,Expense,GAS,M0007,-77.73,Card,Gas
T0000327,2025-07-12,INV401,Transfer,RET401,M_401K,300.0,Payroll,401k Contribution
T0000325,2025-07-12,CHK,Income,PAY,M_PAYROLL,5000.0,Direct Deposit,Paycheck
T0000326,2025-07-12,CHK,Transfer,RET401,M_401K,-300.0,Payroll,401k Contribution
T0000370,2025-07-12,CHK,Income,SIDE,M_SIDE,659.87,ACH,Side Income
T0000931,2025-07-12,CHK,Expense,GROC,M0002,-109.74,Debit,Groceries
T0001158,2025-07-13,CC2,Expense,ENT,M0022,-19.74,Card,Entertainment
T0000932,2025-07-14,CC1,Expense,GAS,M0006,-51.52,Card,Gas
T0000933,2025-07-19,CHK,Expense,GROC,M0002,-95.63,Debit,Groceries
T0000934,2025-07-21,CC1,Expense,GAS,M0006,-59.19,Card,Gas
T0000330,2025-07-26,INV401,Transfer,RET401,M_401K,300.0,Payroll,401k Contribution
T0000329,2025-07-26,CHK,Transfer,RET401,M_401K,-300.0,Payroll,401k Contribution
T0001367,2025-07-26,CHK,Transfer,CC_PAY,M_CC_PAY,-111.83,ACH,CC Payment CC2
T0000935,2025-07-26,CHK,Expense,GROC,M0004,-61.74,Debit,Groceries
T0001368,2025-07-26,CC2,Transfer,CC_PAY,M_CC_PAY,111.83,ACH,CC Payment
T0000328,2025-07-26,CHK,Income,PAY,M_PAYROLL,5000.0,Direct Deposit,Paycheck
T0001271,2025-07-26,CHK,Transfer,CC_PAY,M_CC_PAY,-198.54,ACH,CC Payment CC1
T0001272,2025-07-26,CC1,Transfer,CC_PAY,M_CC_PAY,198.54,ACH,CC Payment
T0001159,2025-07-27,CC2,Expense,ENT,M0022,-79.84,Card,Entertainment
T0000936,2025-07-28,CC1,Expense,GAS,M0005,-20.17,Card,Gas
T0001160,2025-08-02,CC2,Expense,DINE,M0010,-19.6,Card,Dining
T0000937,2025-08-02,CHK,Expense,GROC,M0004,-52.74,Debit,Groceries
T0000468,2025-08-03,CHK,Expense,UTIL,M0013,-226.33,ACH,UTIL
T0000516,2025-08-03,CHK,Expense,PHON,M0012,-95.0,ACH,PHON
T0000420,2025-08-03,CHK,Expense,RENT,M0014,-1350.0,ACH,RENT
T0000938,2025-08-04,CC1,Expense,GAS,M0007,-72.77,Card,Gas
T0000564,2025-08-04,CHK,Expense,INS,M0015,-195.0,ACH,INS
T0000612,2025-08-04,CC1,Expense,SUBS,M0011,-26.0,ACH,SUBS
T0000331,2025-08-09,CHK,Income,PAY,M_PAYROLL,5000.0,Direct Deposit,Paycheck
T0000332,2025-08-09,CHK,Transfer,RET401,M_401K,-300.0,Payroll,401k Contribution
T0000333,2025-08-09,INV401,Transfer,RET401,M_401K,300.0,Payroll,401k Contribution
T0001161,2025-08-09,CC2,Expense,DINE,M0009,-68.21,Card,Dining
T0000939,2025-08-09,CHK,Expense,GROC,M0003,-99.75,Debit,Groceries
T0000371,2025-08-11,CHK,Income,SIDE,M_SIDE,328.39,ACH,Side Income
T0000940,2025-08-11,CC1,Expense,GAS,M0005,-51.21,Card,Gas
T0001162,2025-08-16,CC2,Expense,DINE,M0009,-24.3,Card,Dining
T0000941,2025-08-16,CHK,Expense,GROC,M0004,-54.23,Debit,Groceries
T0000942,2025-08-18,CC1,Expense,GAS,M0008,-50.05,Card,Gas
T0000336,2025-08-23,INV401,Transfer,RET401,M_401K,300.0,Payroll,401k Contribution
T0001163,2025-08-23,CC2,Expense,DINE,M0010,-15.56,Card,Dining
T0000943,2025-08-23,CHK,Expense,GROC,M0002,-90.15,Debit,Groceries
T0000334,2025-08-23,CHK,Income,PAY,M_PAYROLL,5000.0,Direct Deposit,Paycheck
T0000335,2025-08-23,CHK,Transfer,RET401,M_401K,-300.0,Payroll,401k Contribution
T0000944,2025-08-25,CC1,Expense,GAS,M0006,-50.9,Card,Gas
T0001273,2025-08-26,CHK,Transfer,CC_PAY,M_CC_PAY,-245.0,ACH,CC Payment CC1
T0001274,2025-08-26,CC1,Transfer,CC_PAY,M_CC_PAY,245.0,ACH,CC Payment
T0001370,2025-08-26,CC2,Transfer,CC_PAY,M_CC_PAY,94.47,ACH,CC Payment
T0001369,2025-08-26,CHK,Transfer,CC_PAY,M_CC_PAY,-94.47,ACH,CC Payment CC2
T0000945,2025-08-30,CHK,Expense,GROC,M0001,-74.19,Debit,Groceries
T0000375,2025-09-01,SAV,Income,INT,M_BANKINT,40.13,ACH,Interest
T0000421,2025-09-02,CHK,Expense,RENT,M0014,-1350.0,ACH,RENT
T0000613,2025-09-02,CC1,Expense,SUBS,M0011,-26.0,ACH,SUBS
T0001185,2025-09-03,CC1,Expense,ENT,M0022,-145.9,Card,Entertainment
T0000517,2025-09-04,CHK,Expense,PHON,M0012,-95.0,ACH,PHON
T0000469,2025-09-05,CHK,Expense,UTIL,M0013,-108.44,ACH,UTIL
T0000565,2025-09-05,CHK,Expense,INS,M0015,-195.0,ACH,INS
T0000339,2025-09-06,INV401,Transfer,RET401,M_401K,300.0,Payroll,401k Contribution
T0000338,2025-09-06,CHK,Transfer,RET401,M_401K,-300.0,Payroll,401k Contribution
T0001164,2025-09-06,CC2,Expense,DINE,M0010,-33.17,Card,Dining
T0000337,2025-09-06,CHK,Income,PAY,M_PAYROLL,5000.0,Direct Deposit,Paycheck
T0000946,2025-09-06,CHK,Expense,GROC,M0003,-53.48,Debit,Groceries
T0000947,2025-09-08,CC1,Expense,GAS,M0005,-31.06,Card,Gas
T0000948,2025-09-13,CHK,Expense,GROC,M0003,-107.63,Debit,Groceries
T0000340,2025-09-20,CHK,Income,PAY,M_PAYROLL,5000.0,Direct Deposit,Paycheck
T0000341,2025-09-20,CHK,Transfer,RET401,M_401K,-300.0,Payroll,401k Contribution
T0000342,2025-09-20,INV401,Transfer,RET401,M_401K,300.0,Payroll,401k Contribution
T0000949,2025-09-20,CHK,Expense,GROC,M0004,-37.0,Debit,Groceries
T0001165,2025-09-20,CC2,Expense,DINE,M0010,-23.74,Card,Dining
T0000950,2025-09-22,CC1,Expense,GAS,M0007,-80.21,Card,Gas
T0001275,2025-09-26,CHK,Transfer,CC_PAY,M_CC_PAY,-867.54,ACH,CC Payment CC1
T0001276,2025-09-26,CC1,Transfer,CC_PAY,M_CC_PAY,867.54,ACH,CC Payment
T0001371,2025-09-26,CHK,Transfer,CC_PAY,M_CC_PAY,-120.01,ACH,CC Payment CC2
T0001372,2025-09-26,CC2,Transfer,CC_PAY,M_CC_PAY,120.01,ACH,CC Payment
T0001166,2025-09-27,CC2,Expense,DINE,M0010,-49.01,Card,Dining
T0000951,2025-09-27,CHK,Expense,GROC,M0003,-66.0,Debit,Groceries
T0001167,2025-09-28,CC2,Expense,ENT,M0022,-36.28,Card,Entertainment
T0000952,2025-09-29,CC1,Expense,GAS,M0006,-48.25,Card,Gas
T0000470,2025-10-02,CHK,Expense,UTIL,M0013,-109.52,ACH,UTIL
T0000422,2025-10-02,CHK,Expense,RENT,M0014,-1350.0,ACH,RENT
T0000518,2025-10-03,CHK,Expense,PHON,M0012,-95.0,ACH,PHON
T0000614,2025-10-03,CC1,Expense,SUBS,M0011,-26.0,ACH,SUBS
T0001168,2025-10-04,CC2,Expense,DINE,M0009,-65.82,Card,Dining
T0000953,2025-10-04,CHK,Expense,GROC,M0001,-82.12,Debit,Groceries
T0000344,2025-10-04,CHK,Transfer,RET401,M_401K,-300.0,Payroll,401k Contribution
T0000345,2025-10-04,INV401,Transfer,RET401,M_401K,300.0,Payroll,401k Contribution
T0000343,2025-10-04,CHK,Income,PAY,M_PAYROLL,5000.0,Direct Deposit,Paycheck
T0001169,2025-10-05,CC2,Expense,ENT,M0022,-29.07,Card,Entertainment
T0000566,2025-10-05,CHK,Expense,INS,M0015,-195.0,ACH,INS
T0000954,2025-10-11,CHK,Expense,GROC,M0002,-104.56,Debit,Groceries
T0001170,2025-10-11,CC2,Expense,DINE,M0009,-65.51,Card,Dining
T0001171,2025-10-12,CC2,Expense,ENT,M0022,-57.48,Card,Entertainment
T0000346,2025-10-18,CHK,Income,PAY,M_PAYROLL,5000.0,Direct Deposit,Paycheck
T0000347,2025-10-18,CHK,Transfer,RET401,M_401K,-300.0,Payroll,401k Contribution
T0000955,2025-10-18,CHK,Expense,GROC,M0002,-104.64,Debit,Groceries
T0000348,2025-10-18,INV401,Transfer,RET401,M_401K,300.0,Payroll,401k Contribution
T0000956,2025-10-20,CC1,Expense,GAS,M0006,-68.23,Card,Gas
T0001172,2025-10-25,CC2,Expense,DINE,M0009,-57.91,Card,Dining
T0000957,2025-10-25,CHK,Expense,GROC,M0003,-36.73,Debit,Groceries
T0001374,2025-10-26,CC2,Transfer,CC_PAY,M_CC_PAY,214.77,ACH,CC Payment
T0001373,2025-10-26,CHK,Transfer,CC_PAY,M_CC_PAY,-214.77,ACH,CC Payment CC2
T0001278,2025-10-26,CC1,Transfer,CC_PAY,M_CC_PAY,127.39,ACH,CC Payment
T0001277,2025-10-26,CHK,Transfer,CC_PAY,M_CC_PAY,-127.39,ACH,CC Payment CC1
T0000958,2025-10-27,CC1,Expense,GAS,M0008,-61.28,Card,Gas
T0000350,2025-11-01,CHK,Transfer,RET401,M_401K,-300.0,Payroll,401k Contribution
T0000349,2025-11-01,CHK,Income,PAY,M_PAYROLL,5000.0,Direct Deposit,Paycheck
T0000351,2025-11-01,INV401,Transfer,RET401,M_401K,300.0,Payroll,401k Contribution
T0000959,2025-11-01,CHK,Expense,GROC,M0002,-65.42,Debit,Groceries
T0001173,2025-11-02,CC2,Expense,ENT,M0022,-39.52,Card,Entertainment
T0000423,2025-11-02,CHK,Expense,RENT,M0014,-1350.0,ACH,RENT
T0000471,2025-11-02,CHK,Expense,UTIL,M0013,-96.61,ACH,UTIL
T0000960,2025-11-03,CC1,Expense,GAS,M0007,-47.8,Card,Gas
T0000615,2025-11-03,CC1,Expense,SUBS,M0011,-26.0,ACH,SUBS
T0000567,2025-11-04,CHK,Expense,INS,M0015,-195.0,ACH,INS
T0000519,2025-11-05,CHK,Expense,PHON,M0012,-95.0,ACH,PHON
T0000961,2025-11-08,CHK,Expense,GROC,M0004,-51.86,Debit,Groceries
T0001174,2025-11-09,CC2,Expense,ENT,M0021,-69.71,Card,Entertainment
T0000962,2025-11-15,CHK,Expense,GROC,M0002,-91.65,Debit,Groceries
T0000354,2025-11-15,INV401,Transfer,RET401,M_401K,300.0,Payroll,401k Contribution
T0000353,2025-11-15,CHK,Transfer,RET401,M_401K,-300.0,Payroll,401k Contribution
T0000352,2025-11-15,CHK,Income,PAY,M_PAYROLL,5000.0,Direct Deposit,Paycheck
T0001175,2025-11-15,CC2,Expense,DINE,M0010,-15.0,Card,Dining
T0000963,2025-11-17,CC1,Expense,GAS,M0008,-73.53,Card,Gas
T0000964,2025-11-22,CHK,Expense,GROC,M0004,-101.56,Debit,Groceries
T0000965,2025-11-24,CC1,Expense,GAS,M0007,-15.0,Card,Gas
T0001280,2025-11-26,CC1,Transfer,CC_PAY,M_CC_PAY,150.16,ACH,CC Payment
T0001279,2025-11-26,CHK,Transfer,CC_PAY,M_CC_PAY,-150.16,ACH,CC Payment CC1
T0001376,2025-11-26,CC2,Transfer,CC_PAY,M_CC_PAY,142.27,ACH,CC Payment
T0001375,2025-11-26,CHK,Transfer,CC_PAY,M_CC_PAY,-142.27,ACH,CC Payment CC2
T0000966,2025-11-29,CHK,Expense,GROC,M0002,-58.11,Debit,Groceries
T0000357,2025-11-29,INV401,Transfer,RET401,M_401K,300.0,Payroll,401k Contribution
T0000356,2025-11-29,CHK,Transfer,RET401,M_401K,-300.0,Payroll,401k Contribution
T0000355,2025-11-29,CHK,Income,PAY,M_PAYROLL,5000.0,Direct Deposit,Paycheck
T0001176,2025-11-30,CC2,Expense,ENT,M0022,-28.81,Card,Entertainment
T0000967,2025-12-01,CC1,Expense,GAS,M0005,-35.32,Card,Gas
T0000376,2025-12-01,SAV,Income,INT,M_BANKINT,24.93,ACH,Interest
T0000520,2025-12-02,CHK,Expense,PHON,M0012,-95.0,ACH,PHON
T0000568,2025-12-03,CHK,Expense,INS,M0015,-195.0,ACH,INS
T0000616,2025-12-04,CC1,Expense,SUBS,M0011,-26.0,ACH,SUBS
T0000424,2025-12-04,CHK,Expense,RENT,M0014,-1350.0,ACH,RENT
T0000472,2025-12-05,CHK,Expense,UTIL,M0013,-182.82,ACH,UTIL
T0000372,2025-12-06,CHK,Income,SIDE,M_SIDE,413.59,ACH,Side Income
T0000968,2025-12-06,CHK,Expense,GROC,M0004,-79.97,Debit,Groceries
T0000969,2025-12-08,CC1,Expense,GAS,M0005,-45.3,Card,Gas
T0000359,2025-12-13,CHK,Transfer,RET401,M_401K,-300.0,Payroll,401k Contribution
T0000358,2025-12-13,CHK,Income,PAY,M_PAYROLL,5000.0,Direct Deposit,Paycheck
T0000970,2025-12-13,CHK,Expense,GROC,M0003,-46.63,Debit,Groceries
T0000360,2025-12-13,INV401,Transfer,RET401,M_401K,300.0,Payroll,401k Contribution
T0001177,2025-12-20,CC2,Expense,DINE,M0010,-63.37,Card,Dining
T0000971,2025-12-20,CHK,Expense,GROC,M0001,-63.71,Debit,Groceries
T0000972,2025-12-22,CC1,Expense,GAS,M0008,-59.75,Card,Gas
T0001378,2025-12-26,CC2,Transfer,CC_PAY,M_CC_PAY,46.69,ACH,CC Payment
T0001281,2025-12-26,CHK,Transfer,CC_PAY,M_CC_PAY,-184.57,ACH,CC Payment CC1
T0001377,2025-12-26,CHK,Transfer,CC_PAY,M_CC_PAY,-46.69,ACH,CC Payment CC2
T0001282,2025-12-26,CC1,Transfer,CC_PAY,M_CC_PAY,184.57,ACH,CC Payment
T0000361,2025-12-27,CHK,Income,PAY,M_PAYROLL,5000.0,Direct Deposit,Paycheck
T0000362,2025-12-27,CHK,Transfer,RET401,M_401K,-300.0,Payroll,401k Contribution
T0000363,2025-12-27,INV401,Transfer,RET401,M_401K,300.0,Payroll,401k Contribution
T0000973,2025-12-27,CHK,Expense,GROC,M0003,-85.64,Debit,Groceries
T0000974,2025-12-29,CC1,Expense,GAS,M0005,-70.81,Card,Gas
